"Billing Agreements","Acorduri facturare","module","Magento_Paypal"
"ID","ID","module","Magento_Paypal"
"Email","Email","module","Magento_Paypal"
"First Name","Prenume","module","Magento_Paypal"
"Last Name","Nume","module","Magento_Paypal"
"Reference ID","ID de referință","module","Magento_Paypal"
"Status","Status","module","Magento_Paypal"
"Created","Creat","module","Magento_Paypal"
"N/A","N/A","module","Magento_Paypal"
"Updated","Actualizat","module","Magento_Paypal"
"Back","înapoi","module","Magento_Paypal"
"Are you sure you want to do this?","Sunteți sigur că doriți să faceți această operațiune?","module","Magento_Paypal"
"Cancel","Anulare","module","Magento_Paypal"
"Billing Agreement #%1","Acord facturare #%1","module","Magento_Paypal"
"General Information","Informații generale","module","Magento_Paypal"
"Related Orders","Comenzi asociate","module","Magento_Paypal"
"Order","Comandă","module","Magento_Paypal"
"Purchased","Achiziționat","module","Magento_Paypal"
"Bill-to Name","Nume facturare","module","Magento_Paypal"
"Ship-to Name","Nume livrare","module","Magento_Paypal"
"Order Total","Total comandă","module","Magento_Paypal"
"Purchase Point","Punct de achiziție","module","Magento_Paypal"
"Billing Agreement View","Vizualizare acord de facturare","module","Magento_Paypal"
"View Transaction Details","Vizualizare detalii tranzacție","module","Magento_Paypal"
"Reference Information","Informații de referință","module","Magento_Paypal"
"Transaction Information","Informații tranzacție","module","Magento_Paypal"
"PayPal Fee Information","Informații taxă PayPal","module","Magento_Paypal"
"PayPal Settlement Reports","Rapoarte acord PayPal","module","Magento_Paypal"
"We are connecting to the PayPal SFTP server to retrieve new reports. Are you sure you want to continue?","Vă conectăm la server-ul SFTP PayPal SFTP pentru a vă recupera rapoartele noi. Sunteți sigur că doriți să continuați?","module","Magento_Paypal"
"Fetch Updates","Accesează actualizări","module","Magento_Paypal"
"button_label","etichetă_button","module","Magento_Paypal"
"sandbox_button_label","Etichetă_button_sandbox","module","Magento_Paypal"
"Help","Ajutor","module","Magento_Paypal"
"Configure","Configurare","module","Magento_Paypal"
"Close","închideți","module","Magento_Paypal"
"Learn More","Mai multe","module","Magento_Paypal"
"View Demo","Vizualizare demo","module","Magento_Paypal"
"See terms","Vedeți termeni","module","Magento_Paypal"
"You will be redirected to the PayPal website.","Veți fi redirecționat la website-ul PayPal.","module","Magento_Paypal"
"You will be redirected to the PayPal website when you place an order.","Veți fi redirecționat la website-ul PayPal atunci când veți plasa o comandă.","module","Magento_Paypal"
"Incl. Tax","Taxe incluse","module","Magento_Paypal"
"Billing Information","Informații facturare","module","Magento_Paypal"
"Shipping Information","Informații livrare","module","Magento_Paypal"
"Would you like to sign a billing agreement to streamline further purchases with PayPal?","Doriți să semnați un acord de facturare la direcția de viitoare achiziții cu PayPal?","module","Magento_Paypal"
"Invalid block type","Tip bloc nevalid","module","Magento_Paypal"
"Please specify the correct billing agreement ID and try again.","Specificați ID-ul acordului de facturare corect și încercați din nou.","module","Magento_Paypal"
"You canceled the billing agreement.","Ați anulat acordul de facturare.","module","Magento_Paypal"
"We can't cancel the billing agreement.","Acordul de facturare nu poate fi anulat.","module","Magento_Paypal"
"You deleted the billing agreement.","Ați șters acordul de facturare.","module","Magento_Paypal"
"We can't delete the billing agreement.","Acordul de facturare nu poate fi șters.","module","Magento_Paypal"
"Reports","Rapoarte","module","Magento_Paypal"
"Sales","Vânzări","module","Magento_Paypal"
"View Transaction","Vizualizare tranzacție","module","Magento_Paypal"
"We found nothing to fetch because of an empty configuration.","Nu s-a găsit nimic de accesat din cauza unei configurații goale.","module","Magento_Paypal"
"We fetched %1 report rows from ""%2@%3.""","S-au accesat rândurile de raport %1 din ""%2@%3.""","module","Magento_Paypal"
"We can't fetch reports from ""%1@%2.""","Nu se pot accesa rapoartele din ""%1@%2.""","module","Magento_Paypal"
"The billing agreement ""%1"" has been canceled.","Acordul de facturare ""%1"" a fost anulat.","module","Magento_Paypal"
"The billing agreement ""%1"" has been created.","Acordul de facturare ""%1"" a fost creat.","module","Magento_Paypal"
"We couldn't finish the billing agreement wizard.","Expertiza acordului de facturare nu a fost finalizată.","module","Magento_Paypal"
"We can't start the billing agreement wizard.","Nu se poate începe expertiza acordului de facturare.","module","Magento_Paypal"
"Billing Agreement # %1","Acord de facturare # %1","module","Magento_Paypal"
"We can't initialize Express Checkout.","Checkout expres nu poate fi inițializat.","module","Magento_Paypal"
"PayPal Express Checkout Token does not exist.","Simbolul Checkout Expres PayPal nu există.","module","Magento_Paypal"
"A wrong PayPal Express Checkout Token is specified.","Un simbol greșit Checkout Expres PayPal este specificat.","module","Magento_Paypal"
"Express Checkout and Order have been canceled.","Checkout-ul Expres și Comanda au fost anulate.","module","Magento_Paypal"
"Express Checkout has been canceled.","Checkout-ul Expres a fost anulat.","module","Magento_Paypal"
"Unable to cancel Express Checkout","Imposibil de anulat Checkout Expres.","module","Magento_Paypal"
"Please agree to all the terms and conditions before placing the order.","Trebuie să fiți de acord cu toți Termenii și condițiile pentru a plasa comanda.","module","Magento_Paypal"
"We can't place the order.","Nu se poate plasa comanda.","module","Magento_Paypal"
"We can't process Express Checkout approval.","Nu se poate procesa aprobarea Checkout Expres.","module","Magento_Paypal"
"We can't initialize Express Checkout review.","Nu se poate inițializa revizuirea Checkout Expres.","module","Magento_Paypal"
"We can't update shipping method.","Metoda de livrare nu poate fi actualizată.","module","Magento_Paypal"
"To check out, please sign in with your email address.","Pentru check out, conectați-vă cu adresa dumneavoastră de email.","module","Magento_Paypal"
"We can't start Express Checkout.","Nu se poate începe Checkout Expres.","module","Magento_Paypal"
"Your payment has been declined. Please try again.","Plata dumneavoastră a fost refuzată. Incercați din nou.","module","Magento_Paypal"
"We can't contact the PayPal gateway.","Nu se poate contacta geteway-ul PayPal.","module","Magento_Paypal"
"PayPal response hasn't required fields.","Răspunsul Paypal nu are câmpuri obligatorii.","module","Magento_Paypal"
"Something went wrong while processing your order.","A avut loc o eroare la procesarea comenzii dumneavoastră.","module","Magento_Paypal"
"PayPal gateway has rejected request. %1","Gateway-ul PayPal a refuzat solicitarea. %1","module","Magento_Paypal"
"The PayPal gateway rejected the request. %1","Gateway-ul PayPal a refuzat solicitarea. %1","module","Magento_Paypal"
"I'm sorry - but we were not able to process your payment. Please try another payment method or contact us so we can assist you.","Ne pare rău - dar comanda dumneavoastră nu s-a putut procesa. încercați o altă modalitate de plată sau contactați-ne pentru asistență.","module","Magento_Paypal"
"I'm sorry - but we are not able to complete your transaction. Please contact us so we can assist you.","Ne pare rău - dar tranzacția dumneavoastră nu s-a putut finaliza. Contactați-ne pentru asistență.","module","Magento_Paypal"
"The payment method code is not set.","Codul modalității de plată nu este setat.","module","Magento_Paypal"
"The reference ID is not set.","ID-ul de referință nu este setat","module","Magento_Paypal"
"Unable to save Billing Agreement:","Imposibil de salcat Acordul de Facturare:","module","Magento_Paypal"
"Active","Activ","module","Magento_Paypal"
"Canceled","Anulat","module","Magento_Paypal"
"The customer ID is not set.","ID-ul de client nu este setat.","module","Magento_Paypal"
"The Billing Agreement status is not set.","Statusul Acordului de facturare nu este setat.","module","Magento_Paypal"
"The PayPal certificate does not exist.","Certificatul PayPal nu există.","module","Magento_Paypal"
"We prefer PayPal (150 X 60)","Preferăm PayPal (150 X 60)","module","Magento_Paypal"
"We prefer PayPal (150 X 40)","Preferăm PayPal (150 X 40)","module","Magento_Paypal"
"Now accepting PayPal (150 X 60)","Nu se acceptă PayPal (150 X 60)","module","Magento_Paypal"
"Now accepting PayPal (150 X 40)","Nu se acceptă PayPal (150 X 40)","module","Magento_Paypal"
"Payments by PayPal (150 X 60)","Plăți prin PayPal (150 X 60)","module","Magento_Paypal"
"Payments by PayPal (150 X 40)","Plăți prin PayPal (150 X 40)","module","Magento_Paypal"
"Shop now using (150 X 60)","Cumpărați acum folosind (150 X 60)","module","Magento_Paypal"
"Shop now using (150 X 40)","Cumpărați acum folosind (150 X 40)","module","Magento_Paypal"
"Dynamic","Dinamic","module","Magento_Paypal"
"Static","Static","module","Magento_Paypal"
"Shortcut","Scurtătură","module","Magento_Paypal"
"Acceptance Mark Image","Imagine marcă de accept","module","Magento_Paypal"
"Authorization","Autorizare","module","Magento_Paypal"
"Sale","Vânzare","module","Magento_Paypal"
"Yes","Da","module","Magento_Paypal"
"No","Nu","module","Magento_Paypal"
"For Virtual Quotes Only","Doar pentru mențiuni virtuale","module","Magento_Paypal"
"Auto","Auto","module","Magento_Paypal"
"Ask Customer","întreabă client","module","Magento_Paypal"
"Never","Niciodată","module","Magento_Paypal"
"IPN (Instant Payment Notification) Only","Doar NPI (Notificare Plată Instant)","module","Magento_Paypal"
"API Signature","Semnătură API","module","Magento_Paypal"
"API Certificate","Certificat API","module","Magento_Paypal"
"The ordering amount of %1 is pending approval on the payment gateway.","Cantitatea comandată de %1 este în așteaptarea aprobării gateway-ului de plată.","module","Magento_Paypal"
"Ordered amount of %1","Cantitatea comandată de %1","module","Magento_Paypal"
"We'll authorize the amount of %1 as soon as the payment gateway approves it.","Vom autoriza cantitatea de %1 de îndată ce este aprobată de gateway-ul de plată.","module","Magento_Paypal"
"The authorized amount is %1.","Cantitatea autorizată este de %1.","module","Magento_Paypal"
"The maximum number of child authorizations is reached.","S-a atins numărul maxim de autorizații secundare.","module","Magento_Paypal"
"PayPal can't process orders with a zero balance due. To finish your purchase, please go through the standard checkout process.","PayPal nu poate procesa comenzile cu sold debitor zero. Pentru a finaliza achiziția, parcurgeți procesul standard de checkout.","module","Magento_Paypal"
"A payer is not identified.","Un plătitor nu este identificat.","module","Magento_Paypal"
"Cannot get secure form URL from PayPal","Nu se poate obține un formular URL sigur de la PayPal","module","Magento_Paypal"
"Last Transaction ID","Ultimul ID de tranzacție","module","Magento_Paypal"
"This customer didn't include a confirmed address.","Clintul nu a inclus o adresă confimată.","module","Magento_Paypal"
"The payment is authorized but not settled.","Plata este autorizată dar nu este stabilită.","module","Magento_Paypal"
"The payment eCheck is not cleared.","Plata eCheck nu este eliminată.","module","Magento_Paypal"
"The merchant holds a non-U.S. account and doesn't have a withdrawal mechanism.","Comerciantul deține un cont non SUA și nu are un mecanism de retragere.","module","Magento_Paypal"
"The payment currency doesn't match any of the merchant's balances currency.","Moneda de plată nu coincide cu moneda de bilanț a comerciantului.","module","Magento_Paypal"
"The payment is pending while it is being reviewed by PayPal for risk.","Plata este în așteptare în timp ce este revizuită pentru risc de către PayPal.","module","Magento_Paypal"
"The payment is pending because it was made to an email address that is not yet registered or confirmed.","Plata este în așteptare deoarece este făcută de o adresă de email care nu este încă înregistrată sau confirmată.","module","Magento_Paypal"
"The merchant account is not yet verified.","Contul comerciantului nu este încă verificat.","module","Magento_Paypal"
"The payment was made via credit card. In order to receive funds merchant must upgrade account to Business or Premier status.","Plata s-a realizat prin card de credit. Pentru a primi fonfurile, comerciantul trebuie să-și actualizeze contul la statusul Business sau Premier.","module","Magento_Paypal"
"Sorry, but something went wrong. Please contact PayPal customer service.","Ne pare rău, dar a avut loc o eroare. Contactați Serviciul de relații clienți PayPal.","module","Magento_Paypal"
"A reversal has occurred on this transaction due to a chargeback by your customer.","A avut loc o inversare la această tranzacție din cauza unei stornări efectuate de clientul dumneavoastră.","module","Magento_Paypal"
"A reversal has occurred on this transaction due to your customer triggering a money-back guarantee.","A avut loc o inversare la această tranzacție din cauza declanșării unei garanții banii-înapoi de către clientul dumneavoastră.","module","Magento_Paypal"
"A reversal has occurred on this transaction due to a complaint about the transaction from your customer.","A avut loc o inversare la această tranzacție din cauza unei plângeri asupra tranzacției de către clientul dumneavoastră.","module","Magento_Paypal"
"A reversal has occurred on this transaction because you have given the customer a refund.","A avut loc o inversare la această tranzacție deoarece i-ați făcut clientului o restituire.","module","Magento_Paypal"
"Reversal of an adjustment.","Inversarea unei ajustări.","module","Magento_Paypal"
"Transaction reversal due to fraud detected by PayPal administrators.","Inversare tranzacție din cauza unei fraude detectate de către administratorii PayPal.","module","Magento_Paypal"
"Transaction reversal by PayPal administrators.","Inversare tranzacție de către administratorii PayPal.","module","Magento_Paypal"
"Reimbursement for a chargeback.","Despăgubire pentru stornare.","module","Magento_Paypal"
"Settlement of a chargeback.","Stabilire stornare.","module","Magento_Paypal"
"A reversal has occurred on this transaction because of a customer dispute suspecting unauthorized spoof.","A avut loc o inversare la această tranzacție din cauza unei contestații a clientului care suspectează o imitare neautorizată.","module","Magento_Paypal"
"Buyer claims that he did not receive goods or service.","Cumpărătorul pretinde că nu a primit bunuri sau servicii.","module","Magento_Paypal"
"Buyer claims that the goods or service received differ from merchantâ€™s description of the goods or service.","Cumpărătorul pretinde că bunurile și serviciile primite diferă de cele din descrierea â€™s comerciantului.","module","Magento_Paypal"
"Buyer claims that he/she did not authorize transaction.","Cumpărătorul pretinde că el/ea nu a autorizat tranzacția.","module","Magento_Paypal"
"A case that has been resolved and close requires a reimbursement.","Un caz care a fost rezolvat și închis necesită o despăgubire.","module","Magento_Paypal"
"Buyer claims that a possible duplicate payment was made to the merchant.","Cumpărătorul pretinde că o posibilă plată dublată a fost făcută comerciantului.","module","Magento_Paypal"
"Buyer claims that the received merchandise is unsatisfactory, defective, or damaged.","Cumpărătorul pretinde că marfa primită este nesatisfăcătoare, defectă sau deteriorată.","module","Magento_Paypal"
"Unknown reason. Please contact PayPal customer service.","Motiv necunoscut. Contactați serviciul de relații clienți PayPal.","module","Magento_Paypal"
"Payer ID","ID plătitor","module","Magento_Paypal"
"Payer Email","Email plătitor","module","Magento_Paypal"
"Payer Status","Status plătitor","module","Magento_Paypal"
"Payer Address ID","ID adresă plătitor","module","Magento_Paypal"
"Payer Address Status","Status adresă plătitor","module","Magento_Paypal"
"Merchant Protection Eligibility","Eligibilitate protecție comerciant","module","Magento_Paypal"
"Triggered Fraud Filters","Filtre de fraudă declanșate","module","Magento_Paypal"
"Last Correlation ID","Ultumul ID de corelație","module","Magento_Paypal"
"Address Verification System Response","Răspuns sistem pentru verificare adresă","module","Magento_Paypal"
"CVV2 Check Result by PayPal","Verifică rezultatul CVV2 prin PayPal","module","Magento_Paypal"
"AVS Street Match","Potrivire stradă AVS","module","Magento_Paypal"
"AVS zip","Cod AVS","module","Magento_Paypal"
"International AVS response","Răspuns AVS Internațional","module","Magento_Paypal"
"Buyer's Tax ID","ID taxe cumpărător","module","Magento_Paypal"
"Buyer's Tax ID Type","Tip ID taxe cumpărător","module","Magento_Paypal"
"Chargeback","Stornare","module","Magento_Paypal"
"Complaint","Plângere","module","Magento_Paypal"
"Dispute","Contestație","module","Magento_Paypal"
"Matched Address only (no ZIP)","Numai adrese potrivite (fără cod poștal)","module","Magento_Paypal"
"Matched Address only (no ZIP) International","Numai adrese potrivite (fără cod poștal) Internațional","module","Magento_Paypal"
"No Details matched","Nici un detaliu potrivit","module","Magento_Paypal"
"No Details matched. International","Nici un detaliu nu se potrivește. Internațional","module","Magento_Paypal"
"Exact Match.","Potrivire exactă.","module","Magento_Paypal"
"Exact Match. Address and Postal Code. International","Potrivire exactă. Adresă și Cod Poștal. Internațional","module","Magento_Paypal"
"Exact Match. Address and Postal Code. UK-specific","Potrivire exactă. Adresă și Cod Poștal. Specific UK","module","Magento_Paypal"
"N/A. Not allowed for MOTO (Internet/Phone) transactions","N/A. Nu este permis pentru tranzacții MOTO (Internet/Telefon)","module","Magento_Paypal"
"N/A. Global Unavailable","N/A. Nu este disponibil la nivel global","module","Magento_Paypal"
"N/A. International Unavailable","N/A. Nu este disponibil la nivel internațional","module","Magento_Paypal"
"Matched five-digit ZIP only (no Address)","Numai cod poștal de cinci cifre potrivit (fără adresă)","module","Magento_Paypal"
"Matched Postal Code only (no Address)","Doar codul poștal potrivit (fără adresă)","module","Magento_Paypal"
"N/A. Retry","N/A. Reîncercați","module","Magento_Paypal"
"N/A. Service not Supported","N/A. Serviciu neacceptat","module","Magento_Paypal"
"N/A. Unavailable","N/A. Indisponibil","module","Magento_Paypal"
"Matched whole nine-didgit ZIP (no Address)","Numai cod poștal de nouă cifre potrivit (fără adresă)","module","Magento_Paypal"
"Yes. Matched Address and five-didgit ZIP","Da. Adresă și cod poștal de cinci cifre potrivite","module","Magento_Paypal"
"All the address information matched","Toate informațiile de adresă coincid","module","Magento_Paypal"
"None of the address information matched","Nici o informație de adresă nu coincide","module","Magento_Paypal"
"Part of the address information matched","O parte din informațiile de adresă coincid","module","Magento_Paypal"
"N/A. The merchant did not provide AVS information","N/A. Comerciantul nu a furnizat infirmații AVS","module","Magento_Paypal"
"N/A. Address not checked, or acquirer had no response. Service not available","N/A. Adresa neverificată sau achizitorul nu a avut nici un răspuns. Serviciu indisponibil.","module","Magento_Paypal"
"Matched (CVV2CSC)","Potrivit (CVV2CSC)","module","Magento_Paypal"
"No match","Nu coincide","module","Magento_Paypal"
"N/A. Not processed","N/A. Neprocesat","module","Magento_Paypal"
"N/A. Service not supported","N/A. Serviciu neacceptat","module","Magento_Paypal"
"N/A. Service not available","N/A. Serviciu indisponibil","module","Magento_Paypal"
"N/A. No response","N/A. Nici un răspuns","module","Magento_Paypal"
"Matched (CVV2)","Portivit (CVV2)","module","Magento_Paypal"
"N/A. The merchant has not implemented CVV2 code handling","N/A. Comerciantul nu a implementat manipularea de cod CVV2","module","Magento_Paypal"
"N/A. Merchant has indicated that CVV2 is not present on card","N/A. Comerciantul a indicat că CVV2 nu este pe card","module","Magento_Paypal"
"CNPJ","CNPJ","module","Magento_Paypal"
"CPF","CPF","module","Magento_Paypal"
"Note: %1","Notă: %1","module","Magento_Paypal"
"IPN ""%1"". Case type ""%2"". Case ID ""%3"" %4","IPN ""%1"". Tip caz ""%2"". ID caz ""%3"" %4","module","Magento_Paypal"
"IPN ""%1"". A dispute has been resolved and closed. %2 Transaction amount %3.","IPN ""%1"". O contestașie a fost rezolvată sau închisă. %2 Sumă tranzacție %3.","module","Magento_Paypal"
"You notified customer about invoice #%1.","Ați informat clientul asupra facturii #%1.","module","Magento_Paypal"
"IPN ""%1"". %2 Transaction amount %3. Transaction ID: ""%4""","IPN ""%1"". %2 Sumă tranzacție %3. ID tranzacție: ""%4""","module","Magento_Paypal"
"You notified customer about creditmemo #%1.","Ați informat clientul asupra notei de credit #%1.","module","Magento_Paypal"
"IPN ""%1""","IPN ""%1""","module","Magento_Paypal"
"Payflow PNREF: #%1.","Debit plată PNREF: #%1.","module","Magento_Paypal"
"Unable to fetch transaction details.","Imposibil de accesat detaliile tranzacției.","module","Magento_Paypal"
"Invalid method %1::%2(%3)","Modalitate nevalidă %1::%2(%3)","module","Magento_Paypal"
"Transaction has been declined","Tranzacția a fost refuzată","module","Magento_Paypal"
"Error processing payment, please try again later.","Eroare la procesarea plății, încercați din nou mai târziu.","module","Magento_Paypal"
"We cannot send the new order email.","Nu putem trimite email-ul pentru noua comandă.","module","Magento_Paypal"
"You cannot void a verification transaction.","Nu puteți anula o tranzacție de autorizare.","module","Magento_Paypal"
"You need an authorization transaction to void.","Aveți nevoie de o tranzacție de autorizare pentru anulare.","module","Magento_Paypal"
"We can't issue a refund transaction because there is no capture transaction.","Nu se poate emite o tranzacție de restituire deoarece nu există nici o tranzacție captată.","module","Magento_Paypal"
"We cannot create a target file for reading reports.","Nu se poate crea un fișier-țintă pentru citirea rapoartelor.","module","Magento_Paypal"
"Report Date","Dată aport","module","Magento_Paypal"
"Merchant Account","Cont comerciant","module","Magento_Paypal"
"Transaction ID","ID tranzacție","module","Magento_Paypal"
"Invoice ID","ID factură","module","Magento_Paypal"
"PayPal Reference ID","ID de referință PayPal","module","Magento_Paypal"
"PayPal Reference ID Type","Tip ID de referință PayPal","module","Magento_Paypal"
"Event Code","Cod eveniment","module","Magento_Paypal"
"Event","Eveniment","module","Magento_Paypal"
"Start Date","Dată de început","module","Magento_Paypal"
"Finish Date","Dată de sfârșit","module","Magento_Paypal"
"Debit or Credit","Debit sau Credit","module","Magento_Paypal"
"Gross Amount","Sumă brută","module","Magento_Paypal"
"Fee Debit or Credit","Taxă de Debit sau Credit","module","Magento_Paypal"
"Fee Amount","Sumă taxă","module","Magento_Paypal"
"Custom","Personalizat","module","Magento_Paypal"
"Order ID","ID comandă","module","Magento_Paypal"
"Preapproved Payment ID","ID plată pre-aprobat","module","Magento_Paypal"
"Subscription ID","ID abonare","module","Magento_Paypal"
"Credit","Credit","module","Magento_Paypal"
"Debit","Debit","module","Magento_Paypal"
"ACH Deposit (Hold for Dispute or Other Investigation)","Depozit ACH (Păstrați pentru Contestații sau Alte Investigații)","module","Magento_Paypal"
"ACH Deposit (Reversal)","Depozit ACH (Inversare)","module","Magento_Paypal"
"ACH Funding for Funds Recovery from Account Balance","Finanțare ACH pentru recuperarea fondurilor din bilanțul contului","module","Magento_Paypal"
"ACH Withdrawal","Retragere ACH","module","Magento_Paypal"
"Account-to-Account Payment, initiated by PayPal","Plată Cont-la-Cont, initiațiată de PayPal","module","Magento_Paypal"
"Auction Payment other than through eBay","Licitație de plată, altfel decât prin eBay","module","Magento_Paypal"
"AutoSweep","AutoSweep","module","Magento_Paypal"
"Available Balance","Bilanț disponibil","module","Magento_Paypal"
"Balance Manager Account Bonus","Bilanț bonus cont manager","module","Magento_Paypal"
"Bonus for first ACH Use","Bonus pentru prima folosire ACH","module","Magento_Paypal"
"Buyer Credit Payment","Plată credit cumpărător","module","Magento_Paypal"
"Charge-off","Charge-off","module","Magento_Paypal"
"Coupon Redemption","Răscumpărare cupon","module","Magento_Paypal"
"Currency Conversion required to cover negative balance","Conversie monedă necesară pentru acoperirea bilanțului negativ","module","Magento_Paypal"
"Debit Card Cash Back","Stornare card debit","module","Magento_Paypal"
"Debit Card Transaction","Tranzacție card debit","module","Magento_Paypal"
"Direct Payment API","Plată directă API","module","Magento_Paypal"
"EFT Funding (German banking)","Finanțare EFT (bancă Germană)","module","Magento_Paypal"
"Express Checkout APIs","Checkout Expres API-uri","module","Magento_Paypal"
"Fee Reversal","Inversare taxă","module","Magento_Paypal"
"Fee: Foreign ACH Withdrawal","Taxă: Retragere ACH externă","module","Magento_Paypal"
"Fee: Mass Pay Request","Taxă: Solicitare plată în masă","module","Magento_Paypal"
"Fee: Web Site Payments Pro Account Monthly","Taxă: Plăți Web Site Pro Cont Lunare","module","Magento_Paypal"
"Fee: WorldLink Check Withdrawal","Taxă: Retragere cec Wordlink","module","Magento_Paypal"
"Funding","Finanțare","module","Magento_Paypal"
"General (Authorization)","General (Authorizare)","module","Magento_Paypal"
"General (Dividend)","General (Divident)","module","Magento_Paypal"
"General (Funds Transfer from PayPal Account to Another)","General (Transfer de fonduri de la PayPal către Altele)","module","Magento_Paypal"
"General (Purchase with a credit card)","General (Achiziție cu card de credit)","module","Magento_Paypal"
"General Adjustment without businessrelated event","Ajustare Genrală fără eveniment legat de afaceri","module","Magento_Paypal"
"General Currency Conversion","Conversie generală monedă","module","Magento_Paypal"
"General Funding of PayPal Account","Finanțare generală a contului PayPal","module","Magento_Paypal"
"General Redemption","Răscumpărare generală","module","Magento_Paypal"
"General Withdrawal from PayPal Account","Retragere generală din contul PayPal","module","Magento_Paypal"
"General. Product no longer supported","General. Produsul nu mai este acceptat","module","Magento_Paypal"
"General: Use of PayPal account for purchasing as well as receiving payments","General: folosirea contului PayPal pentru achiziționare, precum și pentru primirea plăților","module","Magento_Paypal"
"General: Withdrawal from PayPal Account","General: Retragere din contul PayPal","module","Magento_Paypal"
"General: Withdrawal to Non-Bank Entity","General: Retragere într-o entitate non bancară","module","Magento_Paypal"
"General: adjustment of a type not belonging to the other T12xx categories","General: ajustarea unui tip care nu apar'ine celorlalte categorii T12xx","module","Magento_Paypal"
"General: bonus of a type not belonging to the other T08xx categories","General: bonusul unui tip care nu apar'ine celorlalte categorii T08xx","module","Magento_Paypal"
"General: event not yet categorized","General: eveniment încă neclasificat","module","Magento_Paypal"
"General: non-payment fee of a type not belonging to the other T01xx categories","General: taxă non plată pentru un tip care nu aparține celorlalte categorii T01xx","module","Magento_Paypal"
"General: received payment of a type not belonging to the other T00xx categories","General: plată primită pnetru un tip care nu aparține celorlalte categorii T00xx","module","Magento_Paypal"
"General: reversal of a type not belonging to the other T11xx categories","General: inversarea unui tip care nu aparține celorlalte categorii T11xx","module","Magento_Paypal"
"General: temporary hold of a type not belonging to the other T15xx categories","General: reținere temporară a unui tip care nu aparține celorlalte categorii T15xx","module","Magento_Paypal"
"Gift Certificate Payment: purchase of Gift Certificate","Plată certificat cadou: achiziționate certificat cadou","module","Magento_Paypal"
"Gift Certificate Redemption","Răscumpărare certificat cadou","module","Magento_Paypal"
"Hidden Virtual PayPal Debit Card Transaction","Tranzacție virtuală ascunsă prin cardul de debit PayPal","module","Magento_Paypal"
"Hold for Dispute Investigation","Reținere pentru investigații contestație","module","Magento_Paypal"
"Incentive","Stimulent","module","Magento_Paypal"
"Mass Pay Payment","Plată în masă","module","Magento_Paypal"
"Merchant Referral Bonus","Bonus sesizare comerciant","module","Magento_Paypal"
"Mobile Payment (made via a mobile phone)","Plată telefonică (prin telefonul mobil)","module","Magento_Paypal"
"Negative Balance","Bilanț negativ","module","Magento_Paypal"
"Open Authorization","Autorizație deschisă","module","Magento_Paypal"
"PayPal Balance Manager function of PayPal account","Funcție manager bilanț PayPal a contului PayPal","module","Magento_Paypal"
"PayPal Buyer Warranty Bonus","Bonus PayPal pentru certificatul de garanție al clientului","module","Magento_Paypal"
"PayPal Debit Card Cash Advance","Avans card de debit PayPal","module","Magento_Paypal"
"PayPal Debit Card Withdrawal from ATM","Retragere ATM card de debit PayPal","module","Magento_Paypal"
"PayPal Protection Bonus","Bonus Protecție PayPal","module","Magento_Paypal"
"Payment Refund initiated by merchant","Restituire plată inițiată de comerciant","module","Magento_Paypal"
"Points Incentive Redemption","Răscumpărare puncte stimulent","module","Magento_Paypal"
"Postage Payment to either USPS or UPS","Plată expediere prin poștă către USPS sau UPS","module","Magento_Paypal"
"Preapproved Payment (BillUser API, either sent or received","Plată pre-aprobată (BillUser API, trimis sau primit)","module","Magento_Paypal"
"Reauthorization","Reautorizare","module","Magento_Paypal"
"Reimbursement of Chargeback","Despăgubire stornare","module","Magento_Paypal"
"Reversal","Inversare","module","Magento_Paypal"
"Reversal of General Account Hold","Inversare a reținerii generale a contului","module","Magento_Paypal"
"Reversal of Points Usage","Inversare utilizare puncte","module","Magento_Paypal"
"Reversal of hold for Dispute Investigation","Inversarea reținerii pentru investigații ale contestațiilor","module","Magento_Paypal"
"Reward Voucher Redemption","Răscumpărare bon răsplată","module","Magento_Paypal"
"Settlement Consolidation","Consolidare acord","module","Magento_Paypal"
"Subscription Payment, either payment sent or payment received","Plată abonare, plată trimisă sau plată primită","module","Magento_Paypal"
"User-initiated Currency Conversion","Conversie monedă inițiată de utilizator","module","Magento_Paypal"
"Virtual PayPal Debit Card Transaction","Tranzacție virtuală card de debit PayPal","module","Magento_Paypal"
"Virtual Terminal Payment","Plată terminal virtuală","module","Magento_Paypal"
"Void","Anulare","module","Magento_Paypal"
"WorldLink Withdrawal","Retragere WorldLink","module","Magento_Paypal"
"eBay Auction Payment","Paltă licitație eBay","module","Magento_Paypal"
"The PayPal certificate file is empty.","Fișierul certificatului PayPal este gol.","module","Magento_Paypal"
"Header (center)","Antet (centru)","module","Magento_Paypal"
"Sidebar (right)","Bară laterală (dreapta)","module","Magento_Paypal"
"Near PayPal Credit checkout button","Butonul apropiat de checkout credit PayPal.","module","Magento_Paypal"
"--Please Select--","-- Selectați --","module","Magento_Paypal"
"Daily","Zilnic","module","Magento_Paypal"
"Every 3 days","La fiecare 3 zile","module","Magento_Paypal"
"Every 7 days","La fiecare 7 zile","module","Magento_Paypal"
"Every 10 days","La fiecare 10 zile","module","Magento_Paypal"
"Every 14 days","La fiecare 14 zile","module","Magento_Paypal"
"Every 30 days","La fiecare 30 zile","module","Magento_Paypal"
"Every 40 days","La fiecare 40 zile","module","Magento_Paypal"
"No Logo","Fără logo","module","Magento_Paypal"
"Yes (PayPal recommends this option)","Da (PayPal recomandă această opțiune)","module","Magento_Paypal"
"Created billing agreement #%1.","Se creează acordul de facturare #%1.","module","Magento_Paypal"
"We can't create a billing agreement for this order.","Nu se poate crea un acord de facturare pentru această comandă.","module","Magento_Paypal"
"Pending PayPal","PayPal în așteptare","module","Magento_Paypal"
"PayPal Reversed","PayPal inversat","module","Magento_Paypal"
"PayPal Canceled Reversal","Inversare PayPal anulată","module","Magento_Paypal"
"Error","Eroare","module","Magento_Paypal"
"Billing Agreement","Acord de facturare","module","Magento_Paypal"
"Please Select","Selectați","module","Magento_Paypal"
"Customer","Client","module","Magento_Paypal"
"Created At","Creat la","module","Magento_Paypal"
"Updated At","Actualizat la","module","Magento_Paypal"
"Not sure what PayPal payment method to use? Click","Nu sunteți decis asupra modalității de plată PayPal pe care să o folosiți? Click","module","Magento_Paypal"
"here","aici","module","Magento_Paypal"
"to learn more.","pentru mai multe.","module","Magento_Paypal"
"Important:","Important:","module","Magento_Paypal"
"To use PayPal Payments Advanced, you must configure your PayPal Payments Advanced account on the PayPal website.","Pentru folosirea plăților avansate PayPal, trebuie să vă configurați contul de plăți avansate PayPal pe website-ul PayPal.","module","Magento_Paypal"
"Once you log into your PayPal Advanced account, navigate to the Service Settings - Hosted Checkout Pages - Set Up menu and set the options described below","Odată conectat la contul avansat PayPal, mergeți la Setări Servicii - Pagini checkout găzduite - Setare meniu și setați opțiunile descrise mai jos","module","Magento_Paypal"
"To use PayPal Payflow Link, you must configure your PayPal Payflow Link account on the PayPal website.","Pentru a folosi link-ul pentru debitul de plată PayPal, trebuie să vă configurați contul link al debitului de plată PayPal pe website-ul PayPal.","module","Magento_Paypal"
"Once you log into your PayPal Payflow Link account, navigate to the Service Settings - Hosted Checkout Pages - Set Up menu and set the options described below","Odată conectat la contul Link Paltă Debit PayPal, mergeți la Setări Servicii - Pagini Checkout Găzduite - Setare meniu și setați opțiunile descrise mai jos","module","Magento_Paypal"
"Billing Agreement #","Acord facturare #","module","Magento_Paypal"
"Agreement Information","Informații acord","module","Magento_Paypal"
"Reference ID:","ID referință:","module","Magento_Paypal"
"Status:","Status:","module","Magento_Paypal"
"Created:","Creat:","module","Magento_Paypal"
"Updated:","Actualizat:","module","Magento_Paypal"
"Payment Method:","Modalitate plată:","module","Magento_Paypal"
"Order #","Comanda #","module","Magento_Paypal"
"Date","Dată","module","Magento_Paypal"
"Ship To","Livrare la","module","Magento_Paypal"
"Order Status","Status comandă","module","Magento_Paypal"
"View Order","Vizualizare Comandă","module","Magento_Paypal"
"Back to Billing Agreements","înapoi la acordurile de facturare","module","Magento_Paypal"
"Payment Method","Modalitate de plată","module","Magento_Paypal"
"View","Vizualizare","module","Magento_Paypal"
"There are no billing agreements yet.","Nu există încă acorduri de facturare","module","Magento_Paypal"
"New Billing Agreement","Acord de facturare nou","module","Magento_Paypal"
"You will be redirected to the payment system website.","Veți fi redirecționat la website-ul de plăți sistem","module","Magento_Paypal"
"-- Please Select --","-- Selectați --","module","Magento_Paypal"
"Create...","Creați...","module","Magento_Paypal"
"Your credit card will be charged for","Din cardul dumneavoastră de credit de va retrage suma","module","Magento_Paypal"
"Your billing agreement # is:","Acordul dumneavoastră de facturare # este:","module","Magento_Paypal"
"Shipping Method","Modalitate livrare","module","Magento_Paypal"
"Please select a shipping method...","Selectați o modalitate de livrare...","module","Magento_Paypal"
"Update Shipping Method","Actualizare modalitate de livrare","module","Magento_Paypal"
"Sorry, no quotes are available for this order right now.","Ne pare rău, momentan, nici o mențiune nu este disponibilă pentru această comandă.","module","Magento_Paypal"
"Shipping Address","Adresă de livrare","module","Magento_Paypal"
"Edit","Editare","module","Magento_Paypal"
"Buy now with PayPal","Cumpărați acum cu PayPal","module","Magento_Paypal"
"Edit Payment Information","Modificați Informații plată","module","Magento_Paypal"
"Items in Your Shopping Cart","Articole în coșul dumneavoastră de cumpărături","module","Magento_Paypal"
"Edit Shopping Cart","Editare coș de cumpărături","module","Magento_Paypal"
"Place Order","Plasează comandă","module","Magento_Paypal"
"Submitting order information...","Se trimit informațiile comenzii...","module","Magento_Paypal"
"Item","Articol","module","Magento_Paypal"
"Price","Preț","module","Magento_Paypal"
"Qty","Cantitate","module","Magento_Paypal"
"Subtotal","Subtotal","module","Magento_Paypal"
"Please update order data to get shipping methods and rates","Actualizați informațiile comenzii pentru a obține modalitățile de plată și ratele","module","Magento_Paypal"
"or","sau","module","Magento_Paypal"
"Checkout with PayPal","Checkout cu PayPal","module","Magento_Paypal"
"Please do not refresh the page until you complete payment.","Nu reîmprospătați pagina înainte de a finaliza plata.","module","Magento_Paypal"
"You will be required to enter your payment details after you place an order.","Vi se vor solicita detaliile de plată după ce veți plasa o comandă","module","Magento_Paypal"
"Continue","Continuați","module","Magento_Paypal"
"Additional Options","Opțiuni suplimentare","module","Magento_Paypal"
"-- Please Select Billing Agreement--","-- Selectați Acordul de Facturare --","module","Magento_Paypal"
"Acceptance Mark","Marcă de accept","module","Magento_Paypal"
"What is PayPal?","Ce este PayPal?","module","Magento_Paypal"
"Sign a billing agreement to streamline further purchases with PayPal.","Semnați un acord de facturare la direcția de viitoare achiziții cu PayPal.","module","Magento_Paypal"
"Sorry, something went wrong.","Ne pare rău, a avut loc o eroare.","module","Magento_Paypal"
"Sorry, something went wrong. Please try again later.","Ne pare rău, a avut loc o eroare. încercați din nou mai târziu.","module","Magento_Paypal"
"Merchant Location","Locație comerciant","module","Magento_Paypal"
"Merchant Country","#ERROR!","module","Magento_Paypal"
"If not specified, Default Country from General Config will be used","Dacă nu este specificat , va fi utilizată țara Implicită din Configurație Generală","module","Magento_Paypal"
"PayPal All-in-One Payment Solutions&nbsp;&nbsp;<i>Accept and process credit cards and PayPal payments.</i>","Soluții de plată toate într-unul PayPal&nbsp;&nbsp;<i> Acceptați și procesați cardurile de credit și plățile PayPal.</i>","module","Magento_Paypal"
"Choose a secure bundled payment solution for your business.","Alegeți o soluție de plată pachet sigură pentru afacerea dumneavoastră.","module","Magento_Paypal"
"Payments Pro and Express Checkout","Plăți Pro și Checkout Expres","module","Magento_Paypal"
"Basic Settings - PayPal Payments Pro","Setări de bază - Plăți Pro PayPal","module","Magento_Paypal"
"PayPal Payment Gateways","Gateway-uri plată PayPal","module","Magento_Paypal"
"Process payments using your own internet merchant account.","Procesați plățile folosind propriul dumneavoastră cont de comerciant pe internet.","module","Magento_Paypal"
"PayPal Express Checkout","Checkout Expres PayPal","module","Magento_Paypal"
"Add another payment method to your existing solution or as a stand-alone option.","Adăugați o altă modalitate de plată la soluția existentă sau ca opțiune de sine stătătoare.","module","Magento_Paypal"
"1","1","module","Magento_Paypal"
"Accept payments with a completely customizable checkout page.","Acceptați plăți cu o pagină de checkout care poate fi personalizată complet.","module","Magento_Paypal"
"PayPal Payment Solutions","Soluții de plată PayPal","module","Magento_Paypal"
"Express Checkout","Checkout Expres","module","Magento_Paypal"
"Add PayPal as an additional payment method to your checkout page.","Adăugați PayPal ca modalitate suplimentară de plată la pagina dumneavoastră de checkout.","module","Magento_Paypal"
"Required PayPal Settings","Setări Necesare PayPal","module","Magento_Paypal"
"Email Associated with PayPal Merchant Account","Email asociat cu Contul de Comerciant PayPal","module","Magento_Paypal"
"<a href=""http://www.magentocommerce.com/paypal"">Start accepting payments via PayPal!</a>","<a href=""http://www.magentocommerce.com/paypal"">începeți acceptarea plăților prin PayPal!</a>","module","Magento_Paypal"
"Don't have a PayPal account? Simply enter your email address.","Nu aveți un cont PayPal? Introduceți adresa dumneavoatrsă de email aici.","module","Magento_Paypal"
"API Authentication Methods","Modalități autentificare API","module","Magento_Paypal"
"API Username","Nume utilizator API","module","Magento_Paypal"
"API Password","Parolă API","module","Magento_Paypal"
"Get Credentials from PayPal","Obțineți credențiale de la PayPal","module","Magento_Paypal"
"Sandbox Credentials","Credențiale Sandbox","module","Magento_Paypal"
"Sandbox Mode","Mod Sandbox","module","Magento_Paypal"
"API Uses Proxy","API utilizează Proxy","module","Magento_Paypal"
"Proxy Host","Gazdă Proxy","module","Magento_Paypal"
"Proxy Port","Port Proxy","module","Magento_Paypal"
"Enable this Solution","Activați această soluție","module","Magento_Paypal"
"Enable PayPal Credit","Activați creditul PayPal","module","Magento_Paypal"
"PayPal Express Checkout lets you give customers access to financing through PayPal Credit&#174; - at no additional cost to you.
  You get paid up front, even though customers have more time to pay. A pre-integrated payment button lets customers pay quickly with PayPal Credit&#174;.
  <a href=""https:/www.paypal.com/webapps/mpp/promotional-financing"" target=""_blank"">Learn More</a>","Checkout Expres PayPal vă permite să dați acces clienților la finanțare prin Creditul PayPal&#174; - fără costuri suplimentare pentru dumneavoastră.
  Sunteți plătit în avans, deși clienții au mai mult timp la dispoziție pentru efectuarea plății. Un buton de plată pre-integrată permite clienților să plătească rapid cu Creditul PayPal&#174;.
  <a href=""https:/www.paypal.com/webapps/mpp/promotional-financing"" target=""_blank"">Mai multe</a>","module","Magento_Paypal"
"Advertise PayPal Credit","Promovați Creditul PayPal","module","Magento_Paypal"
"<a href=""https:/financing.paypal.com/ppfinportal/content/whyUseFinancing"" target=""_blank"">Why Advertise Financing?</a><br/>
  <strong>Give your sales a boost when you advertise financing.</strong><br/>PayPal helps turn browsers into buyers with financing
  from PayPal Credit&#174;. Your customers have more time to pay, while you get paid up front â€“ at no additional cost to you.
  Use PayPalâ€™s free banner ads that let you advertise PayPal Credit&#174; financing as a payment option when your customers check out with PayPal.
  The PayPal Advertising Program has been shown to generate additional purchases as well as increase consumer's average purchase sizes by 15%
  or more. <a href=""https:/financing.paypal.com/ppfinportal/content/forrester"" target=""_blank"">See Details</a>.","<a href=""https:/financing.paypal.com/ppfinportal/content/whyUseFinancing"" target=""_blank"">De ce să promovați finanțarea?</a><br/>
  <strong>Acordați un impuls vânzărilor dumneavoastră atunci când promovați finanțarea.</strong><br/>PayPal ajută la transformarea browser-elor în cumpărători cu finanțare
  de la Credit PayPal&#174;. Clienții dumneavoastră vor avea mai mult timp la dispoziție pentru plată, în timp ce dumneavoastră sunteți plătit în avans â€“fără costuri suplimentare.
  Utilizați reclamele-banner gratuite PayPalâ€™s care vă permit să promovați Creditul PayPal&#174; finanțarea ca opțiune de plată atuci când clienții dumneavoastră efectuează checkout cu PayPal.
  Programul de promovare PayPal a dovedit generarea de achiziții suplimentare, precum și creșterea mediei de achiziție a cliențulor cu 15%
  sau mai mult. <a href=""https:/financing.paypal.com/ppfinportal/content/forrester"" target=""_blank"">Mai multe detalii</a>.","module","Magento_Paypal"
"Publisher ID","ID Editor","module","Magento_Paypal"
"Required to display a banner","Este necesară afișarea unui banner","module","Magento_Paypal"
"Get Publisher ID from PayPal","Obțineți ID de Editor de la PayPal","module","Magento_Paypal"
"Home Page","Pagina Principală","module","Magento_Paypal"
"Display","Afișare","module","Magento_Paypal"
"Position","Poziție","module","Magento_Paypal"
"Size","Mărime","module","Magento_Paypal"
"Catalog Category Page","Pagină categorie catalog","module","Magento_Paypal"
"Catalog Product Page","Pagină produs catalog","module","Magento_Paypal"
"Checkout Cart Page","Pagină coș de checkout","module","Magento_Paypal"
"Basic Settings - PayPal Express Checkout","Setări de bază - Checkout Expres PayPal","module","Magento_Paypal"
"Title","Titlu","module","Magento_Paypal"
"It is recommended to set this value to ""Magento_Paypal"" per store views.","Se recomandă setarea valorii la ""Magento_Paypal"" pentru vizualizările de magazin.","module","Magento_Paypal"
"Sort Order","Sortare comandă","module","Magento_Paypal"
"Payment Action","Acțiune de plată","module","Magento_Paypal"
"Display on Product Details Page","Afișați pe pagina de detalii a produsului","module","Magento_Paypal"
"Authorization Honor Period (days)","Perioadă de onoare autorizație (zile)","module","Magento_Paypal"
"Specifies what the Authorization Honor Period is on the merchantâ€™s PayPal account. It must mirror the setting in PayPal.","Specifică care este Perioada de onoare pentru autorizație pe contul PayPal al comerciantuluiâ€™s. Trebuie să reflecte setarea din PayPal.","module","Magento_Paypal"
"Order Valid Period (days)","Perioadă validă comandă (zile)","module","Magento_Paypal"
"Specifies what the Order Valid Period is on the merchantâ€™s PayPal account. It must mirror the setting in PayPal.","Specifică care este Perioada validă de comandă pe contul PayPal al comerciantuluiâ€™s. Trebuie să reflecte setarea din PayPal.","module","Magento_Paypal"
"Number of Child Authorizations","Număr de autorizații secundare","module","Magento_Paypal"
"The default number of child authorizations in your PayPal account is 1. To do multiple authorizations please contact PayPal to request an increase.","Numărul implicit de autorizații secundare în contul dumneavoastră PayPal este de 1. Pentru crearea de autorizații multiple, contactați PayPal pentru solicitarea unei creșteri.","module","Magento_Paypal"
"Advanced Settings","Setări avansate","module","Magento_Paypal"
"Display on Shopping Cart","Afișați în coșul de cumpărături","module","Magento_Paypal"
"Also affects mini-shopping cart.","Afectează și mini-coșul de cumpărături.","module","Magento_Paypal"
"Payment Applicable From","Plată aplicabilă din","module","Magento_Paypal"
"Countries Payment Applicable From","#ERROR!","module","Magento_Paypal"
"Debug Mode","Mod depanare","module","Magento_Paypal"
"Enable SSL verification","Activați verificarea SSL","module","Magento_Paypal"
"Transfer Cart Line Items","Transferați articole coș","module","Magento_Paypal"
"Transfer Shipping Options","Transferați opțiuni de livrare","module","Magento_Paypal"
"If this option is enabled, customer can change shipping address and shipping method on PayPal website. In live mode works via HTTPS protocol only.","Dacă această opțiune este activată, clientul poate schimba adresa și modalitatea de livrare pe website-ul PayPal. în modulul live, funcționează numai prin protocoale HTTPS.","module","Magento_Paypal"
"Notice that PayPal can handle up to 10 shipping options. That is why Magento will transfer only first 10 cheapest shipping options if there are more than 10 available.","Observați că PayPal poate suporta până la 10 opțiuni de livrare. De aceea Magento va transfera numai cele mai ieftine 10 opțiuni de livrare, dacă există mai mult de 10 opțiuni disponibile.","module","Magento_Paypal"
"Shortcut Buttons Flavor","Caracteristică buton de scurtătură","module","Magento_Paypal"
"Enable PayPal Guest Checkout","Activați Checkout Vizitator PayPal","module","Magento_Paypal"
"Ability for buyer to purchase without PayPal account.","Posibilitatea clientului de a achiziționa fără cont PayPal.","module","Magento_Paypal"
"Require Customer's Billing Address","Solicitați adresa de facturare a clientului.","module","Magento_Paypal"
"This feature needs be enabled first for the merchant account through PayPal technical support.","Această caracteristică trebuie să fie activată întâi pentru contul comerciantului prin suport tehnic PayPal.","module","Magento_Paypal"
"Billing Agreement Signup","înscriere pentru acord de facturare","module","Magento_Paypal"
"Whether to create a billing agreement, if there are no active billing agreements available.","Se poate crea un acord de facturare dacă nu sunt acorduri active de facturare disponibile.","module","Magento_Paypal"
"Merchants need to apply to PayPal for enabling billing agreements feature. Do not enable this option until PayPal confirms that billing agreements are enabled for your merchant account.","Comercianții trebuie să aplice pentru PayPal pentru activarea caracteristicii de acorduri de facturare. Nu activați această opțiune înainte ca PayPal să confirme că acordurile de facturare sunt activate pentru contul dumneavoastră de comerciant.","module","Magento_Paypal"
"Skip Order Review Step","Omiteți pasul de Revizuire Comandă","module","Magento_Paypal"
"PayPal Billing Agreement Settings","Setări Acord de Facturare PayPal","module","Magento_Paypal"
"Enabled","Activat","module","Magento_Paypal"
"Will appear as a payment option only for customers who have at least one active billing agreement.","Va apărea ca opțiune de plată numai pentru clienții care au cel puțin un acord activ de facturare.","module","Magento_Paypal"
"Allow in Billing Agreement Wizard","Permiteți expertiză acord de facturare","module","Magento_Paypal"
"Settlement Report Settings","Setări Raport de Reglementare","module","Magento_Paypal"
"SFTP Credentials","Credențiale SFTP","module","Magento_Paypal"
"Login","Conectare","module","Magento_Paypal"
"Password","Parolă","module","Magento_Paypal"
"Custom Endpoint Hostname or IP-Address","Nume gazdă punct final personalizat sau Adresă IP","module","Magento_Paypal"
"By default it is ""reports.paypal.com"".","Implicit este ""reports.paypal.com"".","module","Magento_Paypal"
"Use colon to specify port. For example: ""test.example.com:5224"".","Utilizați coloana pentru specificarea portului. De exemplu: ""test.example.com:5224"".","module","Magento_Paypal"
"Custom Path","Cale personalizată","module","Magento_Paypal"
"Scheduled Fetching","Accesare programată","module","Magento_Paypal"
"Enable Automatic Fetching","Activați accesare programată","module","Magento_Paypal"
"Schedule","Program","module","Magento_Paypal"
"PayPal retains reports for 45 days.","PayPal stochează rapoartele pentru 45 de zile.","module","Magento_Paypal"
"Time of Day","Perioada din zi","module","Magento_Paypal"
"Frontend Experience Settings","Setări experiență interfață","module","Magento_Paypal"
"PayPal Product Logo","Logo produs PayPal","module","Magento_Paypal"
"Displays on catalog pages and homepage.","Afișări pe paginile de catalog și pagina principală.","module","Magento_Paypal"
"PayPal Merchant Pages Style","Stil pagini comerciant PayPal","module","Magento_Paypal"
"Page Style","Stil pagină","module","Magento_Paypal"
"Allowable values: ""paypal"", ""primary"" (default), your_custom_value (a custom payment page style from your merchant account profile).","Valori admise: ""paypal"", ""primary"" (default), your_custom_value (un stil de pagină de plată personalizat din profilul contului de comerciant).","module","Magento_Paypal"
"Header Image URL","URL Imagine Antet","module","Magento_Paypal"
"The image at the top left of the checkout page. Max size is 750x90-pixel. <strong style=""color:red"">https</strong> is highly encouraged.","Imaginea din partea dreaptă-sus a paginii de checkout. Mărimea maximă de 750x90-pixel. <strong style=""color:red"">https</strong> este recomandată.","module","Magento_Paypal"
"Header Background Color","Culoare fundal antet","module","Magento_Paypal"
"The background color for the header of the checkout page. Case-insensitive six-character HTML hexadecimal color code in ASCII.","Culoarea de fundal pentru antetul de pe pagina de checkout. Cod culoare hexazecimal HTML de 6 cifre și majuscule în ASCII.","module","Magento_Paypal"
"Header Border Color","Culoare chenar antet","module","Magento_Paypal"
"2-pixel perimeter around the header space.","Perimetru de 2-pixeli în jurul spațiului de antet.","module","Magento_Paypal"
"Page Background Color","Culoare fundal pagină","module","Magento_Paypal"
"The background color for the checkout page around the header and payment form.","Culoare fundal pentru pagina de checkout în jurul antetului și formularului de plată.","module","Magento_Paypal"
"Payments Advanced (Includes Express Checkout)","Plăți avansate (Include Checkout Expres)","module","Magento_Paypal"
"Accept payments with a PCI-compliant checkout that keeps customers on your site.","Acceptați plăți cu un checkout compatibil PCI care reține clienții pe site-ul dumneavoastră.","module","Magento_Paypal"
"Payments Advanced and Express Checkout","Plăți avansate și Checkout Expres","module","Magento_Paypal"
"Partner","Partener","module","Magento_Paypal"
"Vendor","Furnizor","module","Magento_Paypal"
"User","Utilizator","module","Magento_Paypal"
"PayPal recommends that you set up an additional User on your account at manager.paypal.com","PayPal recomandă înscrierea unui utilizator suplimentar pe contul dumneavoastră la manager.paypal.com","module","Magento_Paypal"
"PayPal recommends you set up an additional User on your account at manager.paypal.com, instead of entering your admin username and password here. This will enhance your security and prevent service interruptions if you later change your password. If you do not want to set up an additional User, you can re-enter your Merchant Login here.","PayPal recomandă înscrierea unui utilizator suplimentar pe contul dumneavoastră la manager.paypal.com, în locul introducerii unui nume de utilizator cu drepturi de administrator și parolă aici. Acest lucru va spori securitatea dumneavoastră și va preveni întreruperile serviciului dacă vă schimbați parola ulterior. Dacă nu doriți să înscrieți un utilizator suplimentar, puteți reintroduce datele de conectare comerciant aici.","module","Magento_Paypal"
"Test Mode","Mod test","module","Magento_Paypal"
"Use Proxy","Utilizați Proxy","module","Magento_Paypal"
"<a href=""https://financing.paypal.com/ppfinportal/content/whyUseFinancing"" target=""_blank"">Why Advertise Financing?</a><br/>
  <strong>Give your sales a boost when you advertise financing.</strong><br/>PayPal helps turn browsers into buyers with financing
  from PayPal Credit&#174;. Your customers have more time to pay, while you get paid up front â€“ at no additional cost to you.
  Use PayPalâ€™s free banner ads that let you advertise PayPal Credit&#174; financing as a payment option when your customers check out with PayPal.
  The PayPal Advertising Program has been shown to generate additional purchases as well as increase consumer's average purchase sizes by 15%
  or more. <a href=""https://financing.paypal.com/ppfinportal/content/forrester"" target=""_blank"">See Details</a>.","<a href=""https://financing.paypal.com/ppfinportal/content/whyUseFinancing"" target=""_blank"">De ce să promovați finanțarea?</a><br/>
  <strong>Acordați un impuls vânzărilor dumneavoastră atunci când promovați finanțarea.</strong><br/>PayPal ajută la transformarea browser-elor în cumpărători cu finanțare
  de la Credit PayPal&#174;. Clienții dumneavoastră vor avea mai mult timp la dispoziție pentru plată, în timp ce dumneavoastră sunteți plătit în avans â€“ fără costuri suplimentare.
  Utilizați reclamele-banner gratuite PayPalâ€™scare vă permit să promovați Creditul PayPal&#174; finanțarea ca opțiune de plată atuci când clienții dumneavoastră efectuează checkout cu PayPal.
  Programul de promovare PayPal a dovedit generarea de achiziții suplimentare, precum și creșterea mediei de achiziție a cliențulor cu 15%
  sau mai mult. <a href=""https://financing.paypal.com/ppfinportal/content/forrester"" target=""_blank"">Mai multe detalii</a>.","module","Magento_Paypal"
"Basic Settings - PayPal Payments Advanced","Setări de bază - Plăți avansate PayPal","module","Magento_Paypal"
"It is recommended to set this value to ""Debit or Credit Card"" per store views.","Se recomandă să setați valoarea la ""Card de Credit sau Debit"" pe vizualizare de magazin.","module","Magento_Paypal"
"CVV Entry is Editable","Intrarea CVV este editabilă","module","Magento_Paypal"
"Require CVV Entry","Silicitați intrare CVV","module","Magento_Paypal"
"Send Email Confirmation","Trimiteți Email de confirmare","module","Magento_Paypal"
"URL method for Cancel URL and Return URL","Modalitate URL pentru Anulare URL și Restituire URL","module","Magento_Paypal"
"Payflow Link (Includes Express Checkout)","Link Debit de Plată (Include Checkout Expres)","module","Magento_Paypal"
"Connect your merchant account with a PCI-compliant gateway that lets customers pay without leaving your site.","Conectați-vă contul de comerciant la un gateway complet personalizat care permite clienților să plătească fără a părăsi website-ul dumneavoastră.","module","Magento_Paypal"
"Payflow Link and Express Checkout","Link Debit de Plată și Checkout Expres","module","Magento_Paypal"
"Email Associated with PayPal Merchant Account (Optional)","Email asociat cu Contul de Comerciant PayPal (Opțional)","module","Magento_Paypal"
"If you do not have multiple users set up on your account, please re-enter your Vendor/Merchant Login here.","Dacă aveți utilizatori multipli încriși pe contul dumneavoastră, reintroduceți datele de conectare la contul de Furnizor/Comerciant aici.","module","Magento_Paypal"
"Enable Payflow Link","Activați link-ul Debit de Plată","module","Magento_Paypal"
"Enable Express Checkout","Activați Checkout Expres","module","Magento_Paypal"
"Basic Settings - PayPal Payflow Link","Setări de bază - Link Debit de Plată PayPal","module","Magento_Paypal"
"Website Payments Pro Hosted Solution","Soluție Plăți Pro Găzduite Website","module","Magento_Paypal"
"Accept payments with a PCI compliant checkout that keeps customers on your site.","Acceptați plăți cu un checkout compatibil PCI care reține clienții pe site-ul dumneavoastră.","module","Magento_Paypal"
"Payments Pro Hosted Solution","Plăți Website Pro Găzduite","module","Magento_Paypal"
"Basic Settings - PayPal Payments Pro Hosted Solution","Setări de bază - Soluție PayPal Plăți Pro Găzduite","module","Magento_Paypal"
"It is recommended to set this value to ""PayPal"" per store views.","Se recomandă setarea acestei valori la ""PayPal"" pe vizualizare de magazin.","module","Magento_Paypal"
"Display Express Checkout in the Payment Information step","Afișați Checkout Expres în pasul de Informații Plată","module","Magento_Paypal"
"Website Payments Pro Hosted Solution and Express Checkout","Soluție Plăți Pro Găzduite Website și Checkout Expres","module","Magento_Paypal"
"Basic Settings - PayPal Website Payments Pro Hosted Solution","Setări de bază - Soluție PayPal de Plăți Pro Găzduite Website","module","Magento_Paypal"
"Payflow Pro","Pro Debit de Plată","module","Magento_Paypal"
"Connect your merchant account with a fully customizable gateway that lets customers pay without leaving your site.","Conectați-vă contul de comerciant la un gateway complet personalizat care permite clienților să plătească fără a părăsi website-ul dumneavoastră.","module","Magento_Paypal"
"Basic Settings - PayPal Payflow Pro","Setări de bază - Pro Debit de Plată PayPal","module","Magento_Paypal"
"Credit Card Settings","Setări Card de Credit","module","Magento_Paypal"
"Allowed Credit Card Types","Tipuri Card de Credit permise","module","Magento_Paypal"
"Supporting of American Express cards require additional agreement. Learn more at <a href=""http://www.paypal.com/amexupdate"">http://www.paypal.com/amexupdate</a>.","Acceptarea cardurilor American Express necesită un acord suplimentar. Mai multe detalii la <a href=""http://www.paypal.com/amexupdate"">http://www.paypal.com/amexupdate</a>.","module","Magento_Paypal"
"CVV and AVS Settings","Setări CVV și AVS","module","Magento_Paypal"
"Reject Transaction if:","Refuzați tranzacția dacă:","module","Magento_Paypal"
"AVS Street Does Not Match","Strada AVS nu coincide","module","Magento_Paypal"
"AVS Zip Does Not Match","Codul AVS nu coincide","module","Magento_Paypal"
"International AVS Indicator Does Not Match","Indicatorul Internațional AVS nu coincide","module","Magento_Paypal"
"Card Security Code Does Not Match","Codul de securitate al cardului nu coincide","module","Magento_Paypal"
"Payflow Pro (Includes Express Checkout)","Pro Debit de plată (Include Checkout Expres)","module","Magento_Paypal"
"Payflow Pro and Express Checkout","Pro Debit de plată și Checkout Expres","module","Magento_Paypal"
