"Root","Bază","module","Magento_Catalog"
"Save Category","Salvați categorie","module","Magento_Catalog"
"Delete Category","ștergeți categorie","module","Magento_Catalog"
"Reset","Resetați","module","Magento_Catalog"
"New Subcategory","Subcategorie nouă","module","Magento_Catalog"
"New Root Category","Categorie de bază nouă","module","Magento_Catalog"
"Set Root Category for Store","Setați categorie de bază nouă pentru magazin","module","Magento_Catalog"
"Use Config Settings","Folosiți setări de configurare","module","Magento_Catalog"
"Use All Available Attributes","Folosiți toate atributele disponibile","module","Magento_Catalog"
"Custom Design","Design personalizat","module","Magento_Catalog"
"ID","ID","module","Magento_Catalog"
"Name","Nume","module","Magento_Catalog"
"SKU","Unitate de înmagazinare","module","Magento_Catalog"
"Price","Preț","module","Magento_Catalog"
"Position","Poziție","module","Magento_Catalog"
"Category Data","Categorie informație","module","Magento_Catalog"
"Category Products","Categorii de produse","module","Magento_Catalog"
"Add Subcategory","Adăugați subcategorie","module","Magento_Catalog"
"Add Root Category","Adăugați categorie de bază","module","Magento_Catalog"
"Day","Zi","module","Magento_Catalog"
"Month","Lună","module","Magento_Catalog"
"Year","anulat","module","Magento_Catalog"
"<label class=""label""><span>from</span></label>","<label class=""label""><span>from</span></label>","module","Magento_Catalog"
"<label class=""label""><span>to</span></label>","<label class=""label""><span>to</span></label>","module","Magento_Catalog"
"[GLOBAL]","[GLOBAL]","module","Magento_Catalog"
"[WEBSITE]","[WEBSITE]","module","Magento_Catalog"
"[STORE VIEW]","[VIZUALIZARE MAGAZIN]","module","Magento_Catalog"
"WYSIWYG Editor","Editor WYSIWYG","module","Magento_Catalog"
"Add Product","Adăugați produs","module","Magento_Catalog"
"label","Etichetare","module","Magento_Catalog"
"Product Attributes","Atribute produs","module","Magento_Catalog"
"Add New Attribute","Adăugați atribut nou","module","Magento_Catalog"
"Save in New Attribute Set","Salvați în Set de atribute nou","module","Magento_Catalog"
"Enter Name for New Attribute Set","Introduceți numele pentru Setul de atribute nou","module","Magento_Catalog"
"Save and Continue Edit","Salvați și continuă editarea","module","Magento_Catalog"
"Save Attribute","Salvați atribut","module","Magento_Catalog"
"Delete Attribute","ștergeți atribut","module","Magento_Catalog"
"Edit Product Attribute ""%1""","Modificați atribut produs ""%1""","module","Magento_Catalog"
"New Product Attribute","Atribut produs nou","module","Magento_Catalog"
"Advanced Attribute Properties","Proprietăți avansate atribut","module","Magento_Catalog"
"Attribute Code","Cod atribut","module","Magento_Catalog"
"This is used internally. Make sure you don't use spaces or more than %1 symbols.","Acesta se folosește intern. Asigurați-vă că nu folosiți spații sau mai mult de %1 simboluri.","module","Magento_Catalog"
"Default Value","Valoare implicită","module","Magento_Catalog"
"Unique Value","Valoare unică","module","Magento_Catalog"
"Unique Value (not shared with other products)","Valoare unică (nu se împarte cu alte produse)","module","Magento_Catalog"
"Not shared with other products","Nu se împarte cu alte produse","module","Magento_Catalog"
"Input Validation for Store Owner","Validare input pentru proprietarul de magazin","module","Magento_Catalog"
"Add to Column Options","Adăugați la opțiuni de coloană","module","Magento_Catalog"
"Select ""Yes"" to add this attribute to the list of column options in the product grid.","Selectați ""Da"" pentru a adăuga acest atribut la lista de opțiuni coloană în grila de produse.","module","Magento_Catalog"
"Use in Filter Options","Folosiți în opțiuni de filtrare","module","Magento_Catalog"
"Select ""Yes"" to add this attribute to the list of filter options in the product grid.","Selectați ""Da"" pentru a adăuga acest atribut la lista de opțiuni de filtrare în grila de produse.","module","Magento_Catalog"
"Store View","Vizualizare magazin","module","Magento_Catalog"
"Website","Website","module","Magento_Catalog"
"Global","Global","module","Magento_Catalog"
"Scope","Domeniu","module","Magento_Catalog"
"Declare attribute value saving scope","Declarați valoare atribut la salvarea domeniului","module","Magento_Catalog"
"Storefront Properties","Proprietăți vitrină","module","Magento_Catalog"
"Use in Search","Folosiți în căutare","module","Magento_Catalog"
"Visible in Advanced Search","Vizibil în căutare avansată","module","Magento_Catalog"
"Comparable on Storefront","Comparabil la virtrină","module","Magento_Catalog"
"Use for Promo Rule Conditions","Folosiți pentru condițiile regulii de reclamă","module","Magento_Catalog"
"Enable WYSIWYG","Activați WYSIWYG","module","Magento_Catalog"
"Allow HTML Tags on Storefront","Permiteți etichete HTML Tags în vitrină","module","Magento_Catalog"
"Visible on Catalog Pages on Storefront","Vizibil în paginile de catalog din vitrină","module","Magento_Catalog"
"Used in Product Listing","Folosit în listarea produsului","module","Magento_Catalog"
"Depends on design theme","Depinde de tema designului","module","Magento_Catalog"
"Used for Sorting in Product Listing","Folosit pentru sortare în listarea produselor","module","Magento_Catalog"
"Media Image","Imagine media","module","Magento_Catalog"
"Gallery","Galerie","module","Magento_Catalog"
"System Properties","Proprietăți sistem","module","Magento_Catalog"
"No","Nu","module","Magento_Catalog"
"Yes","Da","module","Magento_Catalog"
"Data Type for Saving in Database","Tip informație pentru salvarea în baza de date","module","Magento_Catalog"
"Text","Text","module","Magento_Catalog"
"Varchar","Varchar","module","Magento_Catalog"
"Static","Static","module","Magento_Catalog"
"Datetime","Setează data","module","Magento_Catalog"
"Decimal","Zecimal","module","Magento_Catalog"
"Integer","întreg","module","Magento_Catalog"
"Globally Editable","Editabil la nivel global","module","Magento_Catalog"
"Attribute Information","Informații atribut","module","Magento_Catalog"
"Properties","Proprietăți","module","Magento_Catalog"
"Manage Labels","Gestionare etichete","module","Magento_Catalog"
"Visible","Vizibil","module","Magento_Catalog"
"Web Site","Web Site","module","Magento_Catalog"
"Searchable","Căutat","module","Magento_Catalog"
"Comparable","Camparabil","module","Magento_Catalog"
"Delete Selected Group","ștergeți grupul selectat","module","Magento_Catalog"
"Add New","Adăugați nou","module","Magento_Catalog"
"Back","înapoi","module","Magento_Catalog"
"Delete","ștergeți","module","Magento_Catalog"
"You are about to delete all products in this attribute set. Are you sure you want to do that?","Sunteți pe cale să ștergeți toate produsele din acest set de atribute. Sunteți sigur că doriți să faceți acest lucru?","module","Magento_Catalog"
"Save","Salvați","module","Magento_Catalog"
"New Set Name","Nume set nou","module","Magento_Catalog"
"Edit Attribute Set '%1'","Modificați set de atribute '%1'","module","Magento_Catalog"
"Empty","Gol","module","Magento_Catalog"
"Add Attribute","Adăugați atribut","module","Magento_Catalog"
"Add New Group","Adăugați grupă nouă","module","Magento_Catalog"
"Add Group","Adăugați grupă","module","Magento_Catalog"
"Edit Attribute Set Name","Modificați Nume set atribut","module","Magento_Catalog"
"For internal use","Pentru uz intern","module","Magento_Catalog"
"Based On","Bazat pe","module","Magento_Catalog"
"Add New Attribute Set","Adăugați set atribute nou","module","Magento_Catalog"
"Add Attribute Set","Adăugați set atribute","module","Magento_Catalog"
"Attribute Sets","Atribuiți seturi","module","Magento_Catalog"
"Close Window","închide fereastra","module","Magento_Catalog"
"New Product","Produs nou","module","Magento_Catalog"
"Save & Edit","Salvare și editare","module","Magento_Catalog"
"Save & New","Salvare și creare nou","module","Magento_Catalog"
"Save & Duplicate","Salvare și Dublare","module","Magento_Catalog"
"Save & Close","Salvare și închidere","module","Magento_Catalog"
"Attributes","Atribute","module","Magento_Catalog"
"Change","Modificați","module","Magento_Catalog"
"Advanced Inventory","Inventar avansat","module","Magento_Catalog"
"Websites","Website-uri","module","Magento_Catalog"
"Products Information","Informații produse","module","Magento_Catalog"
"Category Name","Nume categorie","module","Magento_Catalog"
"Parent Category","Categorie de bază","module","Magento_Catalog"
"If there are no custom parent categories, please use the default parent category. You can reassign the category at any time in <a href=""%1"" target=""_blank"">Products > Categories</a>.","Dacă nu există categorii de bază personalizate, folosiți categoria de bază implicită. Puteți reatribui categoria oricând în <a href=""%1"" target=""_blank"">Produse > Categorii</a>.","module","Magento_Catalog"
"We saved the price alert subscription.","Abonarea la alertă preț a fost salvată.","module","Magento_Catalog"
"We saved the stock notification.","Notificarea de stoc a fost salvată.","module","Magento_Catalog"
"There are no customers for this alert.","Nu există clienți pentru această alertă.","module","Magento_Catalog"
"First Name","Prenume","module","Magento_Catalog"
"Last Name","Nume","module","Magento_Catalog"
"Email","Email","module","Magento_Catalog"
"Subscribe Date","Dată abonare","module","Magento_Catalog"
"Last Notified","Ultima notificare","module","Magento_Catalog"
"Send Count","Timiteți contor","module","Magento_Catalog"
"New Attribute","Atribut nou","module","Magento_Catalog"
"Type","Tip","module","Magento_Catalog"
"Attribute Set","Set atribute","module","Magento_Catalog"
"Status","Status","module","Magento_Catalog"
"Visibility","Vizibilitate","module","Magento_Catalog"
"Add New Option","Adăugați opțiune nouă","module","Magento_Catalog"
"Import Options","Importare opțiuni","module","Magento_Catalog"
"Use Default","Folosiți implicit","module","Magento_Catalog"
"Import","Importați","module","Magento_Catalog"
"Add New Row","Adăugați rând nou","module","Magento_Catalog"
"Delete Row","ștergere rând","module","Magento_Catalog"
"Tier Pricing","Preț diferențiat","module","Magento_Catalog"
"Default Price","Preț standard","module","Magento_Catalog"
"All Websites","Toate Website-urile","module","Magento_Catalog"
"ALL GROUPS","TOATE GRUPURILE","module","Magento_Catalog"
"Add Price","Adăugați preț","module","Magento_Catalog"
"Default Values","Valori implicite","module","Magento_Catalog"
"Related Products","Produse asociate","module","Magento_Catalog"
"Up-sells","Up-selling","module","Magento_Catalog"
"Cross-sells","Cross-selling","module","Magento_Catalog"
"Size for %1","Mărime pentru %1","module","Magento_Catalog"
"Watermark File for %1","Fișier suprapus pentru %1","module","Magento_Catalog"
"Position of Watermark for %1","Poziție suprapus pentru %1","module","Magento_Catalog"
"Name in %1","Nume în %1","module","Magento_Catalog"
"Quantity","Cantitate","module","Magento_Catalog"
"Edit","Modificați","module","Magento_Catalog"
"Are you sure?","Sunteți sigur?","module","Magento_Catalog"
"Change Status","Modificați status","module","Magento_Catalog"
"Update Attributes","Actualizați atribute","module","Magento_Catalog"
"Images and Videos","Imagini și video","module","Magento_Catalog"
"Click here or drag and drop to add images.","Faceți click aici sau glisați și fixați pentru a adăuga imaginile","module","Magento_Catalog"
"Delete image","ștergeți imagine","module","Magento_Catalog"
"Make Base","Creați bază","module","Magento_Catalog"
"Hidden","Ascuns","module","Magento_Catalog"
"start typing to search category","începeți să tastați pentru a căuta categoria","module","Magento_Catalog"
"New Category","Categorie nouă","module","Magento_Catalog"
"Images (.gif, .jpg, .png)","Imagini (.gif, .jpg, .png)","module","Magento_Catalog"
"Add New Images","Adăugați imagini noi","module","Magento_Catalog"
"Inc. Tax","Impozit","module","Magento_Catalog"
"Does this have a weight?","Acest produs are greutate?","module","Magento_Catalog"
"Product","Produs","module","Magento_Catalog"
"Notify Low Stock RSS","Notificare nivel stoc scăzut RSS","module","Magento_Catalog"
"Low Stock Products","Produse nivel stoc scăzut","module","Magento_Catalog"
"%1 has reached a quantity of %2.","%1 a ajuns la cantitatea %2.","module","Magento_Catalog"
"Home","Pagina principală","module","Magento_Catalog"
"Go to Home Page","Mergi la pagina principală","module","Magento_Catalog"
"Subscribe to RSS Feed","Abonare la notificări RSS","module","Magento_Catalog"
"Products Comparison List","Listă comparare produse","module","Magento_Catalog"
"N/A","N/A","module","Magento_Catalog"
"AM","AM","module","Magento_Catalog"
"PM","PM","module","Magento_Catalog"
"-- Please Select --","-- Selectați --","module","Magento_Catalog"
"None","Nici unul","module","Magento_Catalog"
"New Products from %1","Produse noi de la %1","module","Magento_Catalog"
"New Products","Produse noi","module","Magento_Catalog"
"%1 - Special Products","%1 - Produse speciale","module","Magento_Catalog"
"Click for price","Faceți click pentru preț","module","Magento_Catalog"
"Special Expires On: %1","Oferta specială expiră la: %1","module","Magento_Catalog"
"Price: %1","Preț: %1","module","Magento_Catalog"
"Special Price: %1","Preț special: %1","module","Magento_Catalog"
"Special Products","Produse speciale","module","Magento_Catalog"
"You deleted the category.","Ați șters cateoria.","module","Magento_Catalog"
"Something went wrong while trying to delete the category.","A avut loc o eroare la ștergerea categoriei..","module","Magento_Catalog"
"Categories","Categorii","module","Magento_Catalog"
"Manage Catalog Categories","Gestionați catalog categorii","module","Magento_Catalog"
"Manage Categories","Gestionați categorii","module","Magento_Catalog"
"Category is not available for requested store.","Categoria nu este disponibilă pentru magazinul solicitat.","module","Magento_Catalog"
"There was a category move error.","A avut loc o eroare la mutarea categoriei.","module","Magento_Catalog"
"There was a category move error. %1","A avut loc o eroare la mutarea categoriei. %1","module","Magento_Catalog"
"You moved the category","Ați mutat categoria","module","Magento_Catalog"
"Attribute ""%1"" is required.","Este necesar atributul ""%1"".","module","Magento_Catalog"
"Something went wrong while saving the category.","A avut loc o eroare la salvarea categoriei.","module","Magento_Catalog"
"You saved the category.","Ați salvat categoria.","module","Magento_Catalog"
"Please select products for attributes update.","Selectați produsul pentru actualizarea atributelor.","module","Magento_Catalog"
"Please make sure to define SKU values for all processed products.","Asigurați-vă că definiți valoarea unităților de înmagazinare pentru toate produsele procesate.","module","Magento_Catalog"
"A total of %1 record(s) were updated.","Un total de %1 registre au fost actualizate.","module","Magento_Catalog"
"Something went wrong while updating the product(s) attributes.","A avut loc o eroare la actualizarea atributelor de produs.","module","Magento_Catalog"
"Catalog","Catalog","module","Magento_Catalog"
"Manage Product Attributes","Gestionați atribut produs.","module","Magento_Catalog"
"We can't delete the attribute.","Atributul nu poate fi șters.","module","Magento_Catalog"
"You deleted the product attribute.","Ati șters atributul produsului.","module","Magento_Catalog"
"We can't find an attribute to delete.","Nu se poate găsi un atribut de șters.","module","Magento_Catalog"
"This attribute no longer exists.","Acest atribut nu mai există.","module","Magento_Catalog"
"This attribute cannot be edited.","Acest atribut nu poate fi editat.","module","Magento_Catalog"
"Edit Product Attribute","Editează atribut produs.","module","Magento_Catalog"
"An attribute set named '%1' already exists.","Setul de atribute numit '%1' există deja.","module","Magento_Catalog"
"Something went wrong while saving the attribute.","A avut loc o eroare la salvarea atributului.","module","Magento_Catalog"
"Attribute code ""%1"" is invalid. Please use only letters (a-z), numbers (0-9) or underscore(_) in this field, first character should be a letter.","Codul atributului ""%1"" este nevalid. Folosiți numai litere (a-z), numere (0-9) sau underscore (_) în acest câmp, primul caracter trebuie să fie literă.","module","Magento_Catalog"
"We can't update the attribute.","Atributul nu poate fi actualizat.","module","Magento_Catalog"
"You saved the product attribute.","Ați salvat atributul produsului.","module","Magento_Catalog"
"An attribute with this code already exists.","Există deja un atribut cu acest cod.","module","Magento_Catalog"
"An attribute with the same code (%1) already exists.","Există deja un atribut cu aceșasi cod (%1).","module","Magento_Catalog"
"You duplicated the product.","Ați dublat produsul.","module","Magento_Catalog"
"This product no longer exists.","Acest produs nu mai există.","module","Magento_Catalog"
"Products","Produse","module","Magento_Catalog"
"A group with the same name already exists.","Există deja un grup cu același nume.","module","Magento_Catalog"
"Something went wrong while saving this group.","A avut loc o eroare la salvarea acestui grup.","module","Magento_Catalog"
"A total of %1 record(s) have been deleted.","Un total de %1 registre au fost șterse.","module","Magento_Catalog"
"A total of %1 record(s) have been updated.","Un total de %1 registre au fost actualizate.","module","Magento_Catalog"
"Something went wrong while updating the product(s) status.","A avut loc o eroare la actualizarea statusului produsului(produselor).","module","Magento_Catalog"
"Unable to save product","Imposibil de salvat produs","module","Magento_Catalog"
"You saved the product.","Ați salvat produsul.","module","Magento_Catalog"
"SKU for product %1 has been changed to %2.","Unitatea de înmagazinare pentru produsul %1 a fost modificată la %2.","module","Magento_Catalog"
"New Attribute Set","Set atribute nou","module","Magento_Catalog"
"The attribute set has been removed.","Setul de atribute a fost șters.","module","Magento_Catalog"
"We can't delete this set right now.","Momentan acest set nu poate fi șters.","module","Magento_Catalog"
"New Set","Set nou","module","Magento_Catalog"
"Manage Product Sets","Gestionați seturi produse","module","Magento_Catalog"
"Manage Attribute Sets","Gestionați seturi atribute","module","Magento_Catalog"
"This attribute set no longer exists.","Acest set de atribute nu mai există.","module","Magento_Catalog"
"You saved the attribute set.","Ați salvat setul de atribute","module","Magento_Catalog"
"Something went wrong while saving the attribute set.","A avut loc o erore la salvarea setului de atribute.","module","Magento_Catalog"
"You added product %1 to the comparison list.","Ați adăugat produsul %1 la lista de comparare.","module","Magento_Catalog"
"You cleared the comparison list.","Ați șters lista de comparare.","module","Magento_Catalog"
"Something went wrong clearing the comparison list.","A avut loc o eroare la ștergerea listei de comparare.","module","Magento_Catalog"
"You removed product %1 from the comparison list.","Ați șters produsul %1 din lista de comparare.","module","Magento_Catalog"
"1 item","1 articol","module","Magento_Catalog"
"%1 items","%1 articole","module","Magento_Catalog"
"Invalid attribute %1","Atribut %1 nevalid","module","Magento_Catalog"
"Grid","Grilă","module","Magento_Catalog"
"List","Listă","module","Magento_Catalog"
"All","Toate","module","Magento_Catalog"
"Product is not loaded","Produsul nu este încărcat","module","Magento_Catalog"
"Bad controller interface for showing product","Interfață controler nepotrivită pentru expunerea produsului.","module","Magento_Catalog"
"Make sure the To Date is later than or the same as the From Date.","Asigurați-vă că Până la este o dată mai târzie sau acceeași dată ca De la.","module","Magento_Catalog"
"Sorry, but we can't find the new parent category you selected.","Ne cerem scuze, dar categoria de bază selectată nu poate fi găsită.","module","Magento_Catalog"
"Sorry, but we can't find the new category you selected.","Ne cerem scuze, dar categoria nouă selectată nu poate fi găsită.","module","Magento_Catalog"
"We can't move the category because the parent category name matches the child category name.","Nu putem muta categoria deoarece numele categoriei de bază este același cu al subcategoriei.","module","Magento_Catalog"
"Can't delete root category.","Categoria de bază nu poate fi ștearsă.","module","Magento_Catalog"
"The value of attribute ""%1"" must be unique.","Valoarea atributului ""%1"" trebuie sa fie unică.","module","Magento_Catalog"
"Default Product Listing Sort by does not exist in Available Product Listing Sort By.","Opțiunea Sortează după din Listă produs implicită nu există în Opțiunea Sortează după din Listă produs disponibil.","module","Magento_Catalog"
"No layout updates","Nici o actualizare de aspect","module","Magento_Catalog"
"Products only","Doar produse","module","Magento_Catalog"
"Static block only","Doar bloc static","module","Magento_Catalog"
"Static block and products","Bloc static și produse","module","Magento_Catalog"
"Please select a static block.","Selectați un bloc static","module","Magento_Catalog"
"frontend_label","etichetă_intefață","module","Magento_Catalog"
"Could not save product ""%1"" with position %2 to category %3","Nu s-a putut salva produsul ""%1"" cu poziția %2 în categoria %3","module","Magento_Catalog"
"Category does not contain specified product","Categoria nu conține produse specificate","module","Magento_Catalog"
"Could not save product ""%product"" with position %position to category %category","Nu s-a putul salva produsul ""%product"" cu poziția %position în categoria %category","module","Magento_Catalog"
"Operation do not allow to move a parent category to any of children category","Operațiunea nu permite mutarea unei categorii de bază în nici una din subcategorii.","module","Magento_Catalog"
"Could not move category","Categoria nu poate fi mutată","module","Magento_Catalog"
"Could not save category: %1","Nu se poate salva categoria: %1","module","Magento_Catalog"
"Cannot delete category with id %1","Categoria cu ID-ul %1 nu poate fi ștearsă","module","Magento_Catalog"
"-- Please Select a Category --","-- Selectați o categorie --","module","Magento_Catalog"
"Grid Only","Doar grilă","module","Magento_Catalog"
"List Only","Doar listă","module","Magento_Catalog"
"Grid (default) / List","Grilă (implicită) / Listă","module","Magento_Catalog"
"List (default) / Grid","Listă (implicită) / Grilă","module","Magento_Catalog"
"Automatic (equalize price ranges)","Automat (egalează gamă prețuri)","module","Magento_Catalog"
"Automatic (equalize product counts)","Automat (egalează sume produs)","module","Magento_Catalog"
"Manual","Manual","module","Magento_Catalog"
"Fixed","Fix","module","Magento_Catalog"
"Percent","Procent","module","Magento_Catalog"
"-- Please select --","-- Selectați --","module","Magento_Catalog"
"Product Thumbnail Itself","Mniatura produsului însăși","module","Magento_Catalog"
"Parent Product Thumbnail","Miniatură Produs de bază","module","Magento_Catalog"
"12h AM/PM","12h AM/PM","module","Magento_Catalog"
"24h","24ore","module","Magento_Catalog"
"Stretch","extindeți","module","Magento_Catalog"
"Tile","Dală","module","Magento_Catalog"
"Top/Left","Sus/Stânga","module","Magento_Catalog"
"Top/Right","Sus/Dreapta","module","Magento_Catalog"
"Bottom/Left","Jos/Stânga","module","Magento_Catalog"
"Bottom/Right","Jos/Dreapta","module","Magento_Catalog"
"Center","Centru","module","Magento_Catalog"
"%1 doesn't extends \Magento\Framework\Model\AbstractModel","%1 nu se extinde \Magento\Cadru\Model\ModelAbstract","module","Magento_Catalog"
"Unknown EAV indexer type ""%1"".","EAV necunoscut tip indexare ""%1"".","module","Magento_Catalog"
"We can't rebuild the index for an undefined product.","Nu se poate reconstrui indexul pentru un produs nedefinit.","module","Magento_Catalog"
"Bad value was supplied.","Valoare greșită furnizată.","module","Magento_Catalog"
"The Flat Catalog module has a limit of %2$d filterable and/or sortable attributes.Currently there are %1$d of them.Please reduce the number of filterable/sortable attributes in order to use this module","Modulul Plan Catalog are o limită de %2$d atribute filtrabile și/sau sortabile. Momentan există %1$d exemplare. Reduceți numărul de atribute filtrabile/sortabile pentru folosirea acestui modul.","module","Magento_Catalog"
"Unsupported product type ""%1"".","Tip produs neacceptat ""%1"".","module","Magento_Catalog"
"Please correct the category.","Corectați categoria.","module","Magento_Catalog"
"Must be category model instance or its id.","Trebuie să fie o versiune de model categorie sau id-ul său.","module","Magento_Catalog"
"The attribute model is not defined.","Acest model de atribut nu este definit","module","Magento_Catalog"
"Category","Categorie","module","Magento_Catalog"
"%1 - %2","%1 - %2","module","Magento_Catalog"
"%1 was not found in algorithms","%1 nu a fost găsit în algoritmi","module","Magento_Catalog"
"%1 doesn't extend \Magento\Catalog\Model\Layer\Filter\Dynamic\AlgorithmInterface","%1 nu se extinde\Magento\Catalog\Model\Nivel\Filtru\Dinamic\InterfațăAlgoritmi","module","Magento_Catalog"
"%1 doesn't extends \Magento\Catalog\Model\Layer\Filter\AbstractFilter","%1 nu se extinde \Magento\Catalog\Model\Nivel\Filtru\FiltruAbstract","module","Magento_Catalog"
"The filter must be an object. Please set the correct filter.","Filtrul trebuie să fie un obiect. Setați filtrul corespunzător.","module","Magento_Catalog"
"Clear Price","ștergere preț","module","Magento_Catalog"
"%1 and above","%1 și peste","module","Magento_Catalog"
"The filters must be an array.","Filtrele trebuie să fie o matrice.","module","Magento_Catalog"
"The image does not exist.","Imagine inexistentă.","module","Magento_Catalog"
"Please correct the image file type.","Corectați tuipul fișierului imagine","module","Magento_Catalog"
"We couldn't move this file: %1.","Nu s-a putut muta fișierul: %1.","module","Magento_Catalog"
"Group price must be a number greater than 0.","Prețul de grup trebuie să fie mai mare decât 0.","module","Magento_Catalog"
"We couldn't copy file %1. Please delete media with non-existing images and try again.","Nu s-a putut copia fișierul %1. ștergeți fișierele media cu inagini inexistente și încercați din nou.","module","Magento_Catalog"
"Media Gallery converter should be an instance of EntryConverterInterface.","Converterul Galeriei Media trebuie să fie o versiune a IntrareInterfațăConvertor.","module","Magento_Catalog"
"There is no MediaGalleryEntryConverter for given type","Nu există IntrareConvertorGalerieMedia pentru tipul furnizat.","module","Magento_Catalog"
"Please enter a number 0 or greater in this field.","Intruduceți cifra 0 sau mai mare de 0 în acest câmp.","module","Magento_Catalog"
"The value of attribute ""%1"" must be set","Valoarea atributului ""%1"" trebuie să fie setată.","module","Magento_Catalog"
"SKU length should be %1 characters maximum.","Lungimea unității de înmagazinare trebuie să fie de maximum %1 caractere.","module","Magento_Catalog"
"Please enter a valid number in this field.","Introduceți un număr valid în acest câmp.","module","Magento_Catalog"
"We found a duplicate website, tier price, customer group and quantity.","S-a găsit o dublură a website-ului, preț diferențiat, grup clienți și cantitate.","module","Magento_Catalog"
"Invalid option id %1","Id opțiune nevalid %1","module","Magento_Catalog"
"Can not create attribute set based on non product attribute set.","Nu se poate crea un set de atribute bazat pe un set de atribute non produs.","module","Magento_Catalog"
"Can not create attribute set based on not existing attribute set","Nu se poate crea un set de atribute bazat pe un set de atribute non existent.","module","Magento_Catalog"
"Provided Attribute set non product Attribute set.","Set atribute specificat Set atribute non produs.","module","Magento_Catalog"
"Use config","Folosiți configurația","module","Magento_Catalog"
"Enabled","Activat","module","Magento_Catalog"
"Disabled","Dezactivat","module","Magento_Catalog"
"Attribute Set already exists.","Set atribute deja existent.","module","Magento_Catalog"
"Requested product does not support images.","Produsul solicitat nu acceptă imagini.","module","Magento_Catalog"
"There is no store with provided ID.","Nu există magazine cu ID-ul specificat.","module","Magento_Catalog"
"The image content is not valid.","Conținut imagine nevalid.","module","Magento_Catalog"
"Cannot save product.","Produsul nu poate fi salvat.","module","Magento_Catalog"
"Failed to save new media gallery entry.","Salvare intrare galerie media nouă eșuată.","module","Magento_Catalog"
"There is no image with provided ID.","Imaginea cu ID-ul specificat inexistentă.","module","Magento_Catalog"
"Such product doesn't exist","Nu există un astfel de produs.","module","Magento_Catalog"
"Such image doesn't exist","Nu există o astfel de imagine.","module","Magento_Catalog"
"We can't find the image file.","Fișierul imagine nu poate fi găsit.","module","Magento_Catalog"
"The option type to get group instance is incorrect.","Tip opțiune incorectă pentru obținerea versiunii de grup.","module","Magento_Catalog"
"Select type options required values rows.","Selectați tipuri opțiuni solicitate pentru rândurile indicatoare de valoare.","module","Magento_Catalog"
"Could not save product option","Opțiunea de produs nu poate fi salvată.","module","Magento_Catalog"
"Could not remove custom option","Opțiunea personalizată nu poate fi ștearsă.","module","Magento_Catalog"
"Please specify date required option(s).","Specificați opțiunile de dată specificate.","module","Magento_Catalog"
"Please specify time required option(s).","Specificați opțiunile de oră specificate.","module","Magento_Catalog"
"Please specify product's required option(s).","Specificați opțiunile specificate ale produsului.","module","Magento_Catalog"
"The option instance type in options group is incorrect.","Tip opțiune incorectă în grupul de opțiuni.","module","Magento_Catalog"
"The product instance type in options group is incorrect.","Tip produs incorect în grupul de opțiuni.","module","Magento_Catalog"
"The configuration item option instance in options group is incorrect.","Tip opțiune articol de configurare incorect în grupul de opțiuni.","module","Magento_Catalog"
"The configuration item instance in options group is incorrect.","Versiune articol de configurare incorectă în grupul de opțiuni.","module","Magento_Catalog"
"The BuyRequest instance in options group is incorrect.","Versiunea Solicitare(Ofertă)Achiziție incorectă în grupul de opțiuni.","module","Magento_Catalog"
"We can't add the product to the cart because of an option validation issue.","Nu se poate adăuga prosul în coș din cauza unei probleme la validarea unei opțiuni.","module","Magento_Catalog"
"%1 doesn't extends \Magento\Catalog\Model\Product\Option\Type\DefaultType","%1 nu se extinde \Magento\Catalog\Model\Produs\Opțiune\Tip\TipImplicit","module","Magento_Catalog"
"The file options format is not valid.","Format opțiuni fișier nevalid.","module","Magento_Catalog"
"px.","px.","module","Magento_Catalog"
"The file '%1' for '%2' has an invalid extension.","Fișierul '%1' for '%2' are o extensie nevalidă.","module","Magento_Catalog"
"The maximum allowed image size for '%1' is %2x%3 px.","Mărimea maximă acceptată a unei imagini pentru '%1' este de %2x%3 px.","module","Magento_Catalog"
"The file '%1' you uploaded is larger than the %2 megabytes allowed by our server.","Fișierul încărcat '%1' este mai mare de %2 megaocteți acceptați de server-ul nostru.","module","Magento_Catalog"
"File '%1' is not an image.","Fișierul '%1' nu este o imagine.","module","Magento_Catalog"
"Validation failed. Required options were not filled or the file was not uploaded.","Validare eșuată. Opțiunile necesare nu au fost completate sau fișierul nu a fost încărcat.","module","Magento_Catalog"
"The file you uploaded is larger than %1 Megabytes allowed by server","Fișierul încărcat este mai mare de %1 Megaocteți acceptați de server","module","Magento_Catalog"
"Option required.","Opțiune solicitată.","module","Magento_Catalog"
"Some of the selected item options are not currently available.","Unele din opțiunile de articol selectate nu sunt disponibile momentan.","module","Magento_Catalog"
"The text is too long.","Textul este prea lung.","module","Magento_Catalog"
"This product doesn't have tier price","Acest produs nu are preț diferențiat","module","Magento_Catalog"
"Product hasn't group price with such data: customerGroupId = '%1', website = %2, qty = %3","Produsul nu are preț de grup cu astfel de informații: IdGrupClient = '%1', website = %2, cantitate = %3","module","Magento_Catalog"
"Invalid data provided for tier_price","Informații nevalide furnizate pentru preț_diferențiat","module","Magento_Catalog"
"Please provide valid data","Furnizați informații valide","module","Magento_Catalog"
"Values of following attributes are invalid: %1","Valorile următoarelor atribute sunt nevalide: %1","module","Magento_Catalog"
"Could not save group price","Prețul de grup nu a putut fi salvat","module","Magento_Catalog"
"We can't create writeable directory ""%1"".","Nu se poate crea registrul inscriptibil ""%1"".","module","Magento_Catalog"
"The file upload failed.","încărcarea fișierului a eșuat.","module","Magento_Catalog"
"The product has required options.","Produsul are opțiuni necesare.","module","Magento_Catalog"
"Something went wrong while processing the request.","A avut loc o eroare la procesarea solicitării.","module","Magento_Catalog"
"%1 doesn't extends \Magento\Catalog\Model\Product\Type\AbstractType","%1 nu se extinde \Magento\Catalog\Model\Produs\Tip\TipAbstract","module","Magento_Catalog"
"%1 doesn't extends \Magento\Catalog\Model\Product\Type\Price","%1 nu se extinde \Magento\Catalog\Model\Produs\Tip\Preț","module","Magento_Catalog"
"Not Visible Individually","Nu este vizibil individual","module","Magento_Catalog"
"Search","Căutare","module","Magento_Catalog"
"Catalog, Search","Catalog, Căutare","module","Magento_Catalog"
"Something went wrong while removing products from the websites.","A avut loc o eroare la ștergerea de produse de pe website-uri.","module","Magento_Catalog"
"Something went wrong while adding products to websites.","A avut loc o eroare la adăugarea de produse pe website-uri.","module","Magento_Catalog"
"Group with id ""%1"" does not exist.","Grupul cu Id-ul ""%1"" nu există.","module","Magento_Catalog"
"Attribute group that contains system attributes can not be deleted","Grupul de atribute care conține atribute de sistem nu poate fi șters.","module","Magento_Catalog"
"Collection provider is not registered","Furnizor colecție neînregistrat.","module","Magento_Catalog"
"Unknown link type: %1","Tip link necunoscut: %1","module","Magento_Catalog"
"Provided link type ""%1"" does not exist","Tip link furnizat ""%1"" inexistent","module","Magento_Catalog"
"Invalid data provided for linked products","Informații nevalide furnizate pentru produsele asociate","module","Magento_Catalog"
"Product with SKU %1 is not linked to product with SKU %2","Produsul cu unitatea de înmagazinare %1 nu este asociat cu produsul cu unitatea de înmagazinare %2","module","Magento_Catalog"
"Product %1 doesn't have linked %2 as %3","Produsul %1 nu are asociat %2 ca %3","module","Magento_Catalog"
"Requested product doesn't exist","Produsul solicitat nu există","module","Magento_Catalog"
"Product option with id %1 does not exist","Opțiunea de produs cu id-ul %1 nu există.","module","Magento_Catalog"
"Product with SKU ""%1"" does not exist","Produsul cu unitatea de înmagazinare ""%1"" nu există","module","Magento_Catalog"
"Invalid product data: %1","Informații produs nevalide: %1","module","Magento_Catalog"
"Unable to remove product %1","Nu se poate șterge produsul %1","module","Magento_Catalog"
"There are not websites for assign to product","Nu există website-uri de atribuit produsului","module","Magento_Catalog"
"Could not assign product ""%1"" to websites ""%2""","Nu s-a putut atribui produsul ""%1"" la website-urile ""%2""","module","Magento_Catalog"
"Could not save product ""%1"" with websites %2","Nu s-a putut salva produsul ""%1"" cu website-urile %2","module","Magento_Catalog"
"Attribute '%1' is locked. %2","Atributul '%1' este blocat. %2","module","Magento_Catalog"
"Do not change the scope. %1","Nu schimbați domeniul. %1","module","Magento_Catalog"
"A product type is not defined for the indexer.","Un tip de produs nu este definit pentru indexare.","module","Magento_Catalog"
"%1 doesn't extend \Magento\Catalog\Model\ResourceModel\Product\Indexer\Price\DefaultPrice","%1 nu se extinde \Magento\Catalog\Model\ModelResurse\Produs\Indexare\Preț\PrețImplicit","module","Magento_Catalog"
"Multiple Select","Selectare multiplă","module","Magento_Catalog"
"Dropdown","Listă verticală","module","Magento_Catalog"
"%1 doesn't extend \Magento\Framework\Filter\Template","%1 nu se extinde\Magento\Cadru\Filtru\șablon","module","Magento_Catalog"
"As low as","începând de la","module","Magento_Catalog"
"message","mesaj","module","Magento_Catalog"
"fl","fl","module","Magento_Catalog"
"123","123","module","Magento_Catalog"
"Select...","Selectați...","module","Magento_Catalog"
"Are you sure you want to delete this category?","Sunteți sigur că doriți să ștergeți această categorie?","module","Magento_Catalog"
"ID: %1","ID: %1","module","Magento_Catalog"
"Set root category for this store in the <a href=""%1"">configuration</a>.","Vizualizați categorie de bază pentru acest magazin în <a href=""%1"">configurație</a>.","module","Magento_Catalog"
"This operation can take a long time","Această operațiune poate dura mult timp","module","Magento_Catalog"
"Collapse All","Restrângeți toate","module","Magento_Catalog"
"Expand All","Extindeți toate","module","Magento_Catalog"
"Please confirm site switching. All data that hasn't been saved will be lost.","Confirmați schimbarea site-ului. Toate informațiile nesalvate vor fi pierdute.","module","Magento_Catalog"
"Use Default Value","Folosiți valoarea implicită","module","Magento_Catalog"
"Manage Titles (Size, Color, etc.)","Gestionați titluri (Mărime, Culoare, etc.)","module","Magento_Catalog"
"Manage Options (values of your attribute)","Gestionați opțiuni (valori ale atributului dumneavoastră)","module","Magento_Catalog"
"Is Default","Este implicit","module","Magento_Catalog"
"Add Option","Adăugați opțiune","module","Magento_Catalog"
"Sort Option","Sortați opțiune","module","Magento_Catalog"
"Groups","Grupuri","module","Magento_Catalog"
"Double click on a group to rename it.","Faceți dublu click pe un grup pentru a-l redenumi.","module","Magento_Catalog"
"Unassigned Attributes","Atribute nealocate","module","Magento_Catalog"
"A name is required.","Un nume este necesar.","module","Magento_Catalog"
"This group contains system attributes. Please move system attributes to another group and try again.","Acest grup conține atribute de sistem. Mutați atributele de sistem în alt grup și încercați din nou.","module","Magento_Catalog"
"Please enter a new group name.","Introduceți un nume de grup.","module","Magento_Catalog"
"An attribute group named ""/name/"" already exists"".","Un grup de atribute numit ""/nume/"" deja existent"".","module","Magento_Catalog"
"Sorry, we're unable to complete this request.","Ne cerem scuze, nu s-a putut finaliza solicitarea.","module","Magento_Catalog"
"You can't remove attributes from this attribute set.","Nu puteți șterge atribute din acest set.","module","Magento_Catalog"
"Custom Options","Opțiuni personalizate","module","Magento_Catalog"
"This is a required option.","Aceasta este o opțiune obligatorie.","module","Magento_Catalog"
"The field isn't complete.","Acest câmp nu este complet.","module","Magento_Catalog"
"Compatible file extensions to upload","Extensii de fișier compatibile de încărcat","module","Magento_Catalog"
"Maximum image width","Lățime maximă imagine","module","Magento_Catalog"
"Maximum image height","înălțime maximă imagine","module","Magento_Catalog"
"Maximum number of characters:","Număr maxim de caractere:","module","Magento_Catalog"
"start typing to search template","începeți să tastați pentru a căuta șablonul","module","Magento_Catalog"
"Product online","Produs online","module","Magento_Catalog"
"Product offline","Produs offline","module","Magento_Catalog"
"Product online status","Status produs online","module","Magento_Catalog"
"Manage Stock","Gestionați stoc","module","Magento_Catalog"
"Qty","Cantitate","module","Magento_Catalog"
"Out-of-Stock Threshold","Prag epuizare din stoc","module","Magento_Catalog"
"Minimum Qty Allowed in Shopping Cart","Cantitate minimă acceptată în coșul de cumpărături","module","Magento_Catalog"
"Maximum Qty Allowed in Shopping Cart","Cantitate maximă acceptată în coșul de cumpărături","module","Magento_Catalog"
"Qty Uses Decimals","Cantitatea folosește zecimale","module","Magento_Catalog"
"Backorders","Comenzi în așteptare","module","Magento_Catalog"
"Notify for Quantity Below","Notificare pentru cantitate sub","module","Magento_Catalog"
"Enable Qty Increments","Activează creșteri de cantitate","module","Magento_Catalog"
"Qty Increments","Creșteri de cantitate","module","Magento_Catalog"
"Stock Availability","Disponibilitate stoc","module","Magento_Catalog"
"In Stock","în stoc","module","Magento_Catalog"
"Out of Stock","Epuizat din stoc","module","Magento_Catalog"
"Add Product To Websites","Adăugați produs la website-uri","module","Magento_Catalog"
"Remove Product From Websites","ștergeți produs din website-uri","module","Magento_Catalog"
"To hide an item in catalog or search results, set the status to ""Disabled"".","Pentru a ascunde un articol din catalog sau din rezultatele de căutare, setează statusul pe ""Dezactivat"".","module","Magento_Catalog"
"We can't save custom-defined options for bundles with dynamic pricing.","Nu se pot salva opțiunile personalizat-definite pentru pachete cu preț dinamic.","module","Magento_Catalog"
"Delete Custom Option","ștergeți opțiune personalizare","module","Magento_Catalog"
"Sort Custom Options","Sortați opțiuni personalizare","module","Magento_Catalog"
"Option Title","Titlu opțiune","module","Magento_Catalog"
"Input Type","Tip input","module","Magento_Catalog"
"Required","Obligatoriu","module","Magento_Catalog"
"Price Type","Tip preț","module","Magento_Catalog"
"Compatible File Extensions","Extensii de fișier compatibile","module","Magento_Catalog"
"Maximum Image Size","Mărime maximă imagine","module","Magento_Catalog"
"%1 <span>x</span> %2 <span>px.</span>","%1 <span>x</span> %2 <span>px.</span>","module","Magento_Catalog"
"Please leave blank if it is not an image.","Dacă nu este imagine, lăsați câmpul necompletat.","module","Magento_Catalog"
"Title","Titlu","module","Magento_Catalog"
"Sort Custom Option","Sortați opțiuni personalizare","module","Magento_Catalog"
"Max Characters","Număr maxim de caractere","module","Magento_Catalog"
"Customer Group","Grup clienți","module","Magento_Catalog"
"Item Price","Preț articol","module","Magento_Catalog"
"Action","Acțiune","module","Magento_Catalog"
"and above","si deasupra","module","Magento_Catalog"
"Delete Tier","ștergeți nivel","module","Magento_Catalog"
"Product In Websites","Produsul în website-uri","module","Magento_Catalog"
"(Copy data from: %1)","(Copiați informații din: %1)","module","Magento_Catalog"
"Alt Text","Alt Text","module","Magento_Catalog"
"Role","Rol","module","Magento_Catalog"
"Hide from Product Page","Ascundeți din pagina de produse","module","Magento_Catalog"
"Close panel","închide panou","module","Magento_Catalog"
"Product Alerts","Alerte produs","module","Magento_Catalog"
"Allow Multiple Boxes for Shipping.","Acceptați cutii multiple pentru livrare.","module","Magento_Catalog"
"start typing to search attribute","Incepeți să tastați pentru căutare atribut","module","Magento_Catalog"
"Basic Settings","Setări de bază","module","Magento_Catalog"
"Advanced Settings","Setări avansate","module","Magento_Catalog"
"Changes have been made to this section that have not been saved.","Au fost făcute modificări la această sectiune care nu au fost salvate.","module","Magento_Catalog"
"This tab contains invalid data. Please resolve this before saving.","Această filă conține informații nevalide. Corectați înainte de a salva.","module","Magento_Catalog"
"Actions","Acțiuni","module","Magento_Catalog"
"Mass Actions","Acțiuni în masă","module","Magento_Catalog"
"Select All","Selectați toate","module","Magento_Catalog"
"Unselect All","Deselectați toate","module","Magento_Catalog"
"Select Visible","Selectați vizibile","module","Magento_Catalog"
"Unselect Visible","Deselectați vizibile","module","Magento_Catalog"
"Special Price","Preț special","module","Magento_Catalog"
"Regular Price","Preț standard","module","Magento_Catalog"
"Buy %1 for:","Cumpărați %1 cu:","module","Magento_Catalog"
"Buy %1 for %2 each and <strong class=""benefit"">save<span class=""percent tier-%3"">&nbsp;%4</span>%</strong>","Cumpărați %1 cu %2 fiecare și <strong class=""benefit"">save<span class=""percent tier-%3"">&nbsp;%4</span>%</strong>","module","Magento_Catalog"
"Buy %1 for %2 each","Cumpărați %1 cu %2 fiecare","module","Magento_Catalog"
"Shop By","Cumpărați după","module","Magento_Catalog"
"Shopping Options","Opțiuni cumpărare","module","Magento_Catalog"
"Compare Products","Comparați produse","module","Magento_Catalog"
"Print This Page","Imprimați imaginea","module","Magento_Catalog"
"Remove Product","ștergeți produs","module","Magento_Catalog"
"Add to Cart","Adăugați în coș","module","Magento_Catalog"
"In stock","în stoc","module","Magento_Catalog"
"Out of stock","Epuizat din stoc","module","Magento_Catalog"
"Add to Wish List","Adăugați la lista de dorințe","module","Magento_Catalog"
"You have no items to compare.","Nu aveți articole de comparat.","module","Magento_Catalog"
"Remove This Item","ștergeți acest articol","module","Magento_Catalog"
"Compare","Comparați","module","Magento_Catalog"
"Clear All","ștergeți toate","module","Magento_Catalog"
"Prev","Previzualizare","module","Magento_Catalog"
"Next","Următorul","module","Magento_Catalog"
"We can't find products matching the selection.","Nu se pot găsi produse care să coincidă cu selecția.","module","Magento_Catalog"
"Add to Compare","Adăugați la comparare","module","Magento_Catalog"
"Learn More","Mai multe detalii","module","Magento_Catalog"
"We found other products you might like!","Am găsit alte produse care v-ar plăcea!","module","Magento_Catalog"
"More Choices:","Mai multe opțiuni:","module","Magento_Catalog"
"Check items to add to the cart or","Verificare articole pentru a le adăuga la coș sau","module","Magento_Catalog"
"select all","selectare toate","module","Magento_Catalog"
"Items %1-%2 of %3","Articolele %1-%2 din %3","module","Magento_Catalog"
"%1 Item","%1 Articol","module","Magento_Catalog"
"%1 Items","%1 Articole","module","Magento_Catalog"
"Show","Afișați","module","Magento_Catalog"
"per page","pe pagină","module","Magento_Catalog"
"Sort By","Sortați după","module","Magento_Catalog"
"Set Ascending Direction","Setați ascendent","module","Magento_Catalog"
"Set Descending Direction","Setați descendent","module","Magento_Catalog"
"View as","Vizualizare ca","module","Magento_Catalog"
"More Information","Mai multe informații","module","Magento_Catalog"
"Loading...","Se încarcă...","module","Magento_Catalog"
"* Required Fields","* Câmpuri obligatorii","module","Magento_Catalog"
"Availability","Disponibilitate","module","Magento_Catalog"
"Warning message","Mesaj de avertisment","module","Magento_Catalog"
"Ok","Ok","module","Magento_Catalog"
"Cancel","Anulați","module","Magento_Catalog"
"Submit","Trimiteți","module","Magento_Catalog"
"We don't recognize or support this file extension type.","Nu se recunoaște sau nu se acceptă acest tip de extensie fișier.","module","Magento_Catalog"
"Configure Product","Configurare produs","module","Magento_Catalog"
"OK","OK","module","Magento_Catalog"
"Select type of option.","Selectați tipul opțiunii.","module","Magento_Catalog"
"Please add rows to option.","Adăugați rânduri la opțiune.","module","Magento_Catalog"
"New Option","Opțiune nouă.","module","Magento_Catalog"
"Select Product","Selectați produs.","module","Magento_Catalog"
"Please select items.","Selectați articole.","module","Magento_Catalog"
"Choose existing category.","Alegeți o categorie existentă.","module","Magento_Catalog"
"Create Category","Creați Categorie.","module","Magento_Catalog"
"Image Detail","Detaliu Imagine","module","Magento_Catalog"
"unselect all","Deselectați toate","module","Magento_Catalog"
"Small","Mic","module","Magento_Catalog"
"Main","Principal","module","Magento_Catalog"
"Thumbnail","Miniatură","module","Magento_Catalog"
"Custom image","Imagine personalizată","module","Magento_Catalog"
"Product Fields Auto-Generation","Auto-generare domenii produse","module","Magento_Catalog"
"Mask for SKU","Mască pentru unitatea de înmagazinare","module","Magento_Catalog"
"Use {{name}} as Product Name placeholder","Utilizați {{name}} ca înlocuitor pentru Nume Produs","module","Magento_Catalog"
"Mask for Meta Title","Mască pentru MetaTitlu","module","Magento_Catalog"
"Mask for Meta Keywords","Mască pentru MetaCuvinte-Cheie","module","Magento_Catalog"
"Use {{name}} as Product Name or {{sku}} as Product SKU placeholders","Utilizați {{name}} ca Nume Produs sau {{sku}} ca înlocuitori pentru unitatea de înmagazinare a produsului.","module","Magento_Catalog"
"Mask for Meta Description","Mască pentru Meta Descriere","module","Magento_Catalog"
"Use {{name}} and {{description}} as Product Name and Product Description placeholders","Utilizați {{name}} și {{description}} ca înlocuitori pentru Nume Produs și Descriere Produs.","module","Magento_Catalog"
"Storefront","Vitrină","module","Magento_Catalog"
"List Mode","Mod listă","module","Magento_Catalog"
"Products per Page on Grid Allowed Values","Produse pe Pagină în Grila de Valori Permise","module","Magento_Catalog"
"Comma-separated.","Separate prin Virgulă.","module","Magento_Catalog"
"Products per Page on Grid Default Value","Produse pe Pagină în Grila de Valori Implicite","module","Magento_Catalog"
"Must be in the allowed values list","Trebuie să fie în lista de valori permise","module","Magento_Catalog"
"Products per Page on List Allowed Values","Produse pe Pagină în Lista de Valori Permise","module","Magento_Catalog"
"Products per Page on List Default Value","Produse pe Pagină în Lista de Valori Implicite","module","Magento_Catalog"
"Use Flat Catalog Category","Utilizați Plan Categorie Catalog","module","Magento_Catalog"
"Use Flat Catalog Product","Utilizați Plan Produs Catalog","module","Magento_Catalog"
"Product Listing Sort by","Ordonare Produse după","module","Magento_Catalog"
"Allow All Products per Page","Permiteți afișarea tuturor produselor pe pagină","module","Magento_Catalog"
"Whether to show ""All"" option in the ""Show X Per Page"" dropdown","Permite afișarea opțiunii ""Toate"" în lista dropdown ""Afișați X Pe Pagină""","module","Magento_Catalog"
"Allow Dynamic Media URLs in Products and Categories","Permite URL-uri Media Dinamice în Produse și Categorii","module","Magento_Catalog"
"E.g. {{media url=""path/to/image.jpg""}} {{skin url=""path/to/picture.gif""}}. Dynamic directives parsing impacts catalog performance.","E.g. {{media url=""path/to/image.jpg""}} {{skin url=""path/to/picture.gif""}}. Analiza directivelor dinamice influențează performața catalogului.","module","Magento_Catalog"
"Product Image Placeholders","înlocuitori Imagine Produs","module","Magento_Catalog"
"Search Engine Optimization","Optimizare motor de căutare","module","Magento_Catalog"
"Page Title Separator","Separator Titlu Pagină","module","Magento_Catalog"
"Use Canonical Link Meta Tag For Categories","Utilizați Meta Etichetă Link Canonic prentru Categorii","module","Magento_Catalog"
"Use Canonical Link Meta Tag For Products","Utilizați Meta Etichetă Link Canonic prentru Produse","module","Magento_Catalog"
"Catalog Price Scope","Domeniu Preț Catalog","module","Magento_Catalog"
"This defines the base currency scope (""Currency Setup"" > ""Currency Options"" > ""Base Currency"").","Acesta definește domeniul monedei de bază (""Setări Monedă"" > ""Opțiuni Monedă"" > ""Monedă de Bază"").","module","Magento_Catalog"
"Category Top Navigation","Navigare Top Categorie","module","Magento_Catalog"
"Maximal Depth","Aprofundare maximală","module","Magento_Catalog"
"Date & Time Custom Options","Opțiuni personalizate Dată și Oră","module","Magento_Catalog"
"Use JavaScript Calendar","Utilizați Calendar JavaScript","module","Magento_Catalog"
"Date Fields Order","Ordine câmpuri dată","module","Magento_Catalog"
"Time Format","Format dată","module","Magento_Catalog"
"Year Range","Interval Ani","module","Magento_Catalog"
"Please use a four-digit year format.","Folisiți un format de an de 4 cifre","module","Magento_Catalog"
"Product Image Watermarks","Suprapuneri imagini produs","module","Magento_Catalog"
"Watermark Default Size","Mărime impicită suprapunere","module","Magento_Catalog"
"Watermark Opacity, Percent","Procentaj opacitate suprapunere","module","Magento_Catalog"
"Watermark","Suprapunere","module","Magento_Catalog"
"Watermark Position","Poziție suprapunere","module","Magento_Catalog"
"Use Static URLs for Media Content in WYSIWYG for Catalog","Utilizați URL-uri Statice pentru Conținutul Media în WYSIWYG pentru Catalog","module","Magento_Catalog"
"This applies only to catalog products and categories. Media content will be inserted into the editor as a static URL. Media content is not updated if the system configuration base URL changes.","Se aplică numai pentru produse și categorii din catalog. Conțunutul media va fi inserat în editor sub forma unui URL static. Conțunutul media nu se actualizează dacă URL-ul de bază al configurației de sistem se modifică.","module","Magento_Catalog"
"Top Level Category","Categorie de nivel superior","module","Magento_Catalog"
"Product Flat Data","Plan informații produs","module","Magento_Catalog"
"Reorganize EAV product structure to flat structure","Reorganizați structura produsului EAV pentru planul de structură","module","Magento_Catalog"
"Category Flat Data","Plan informații catalog","module","Magento_Catalog"
"Reorganize EAV category structure to flat structure","Reorganizați structura categoriei EAV pentru planul de structură","module","Magento_Catalog"
"Indexed category/products association","Asociere produse/categorie indexate.","module","Magento_Catalog"
"Product Categories","Categorii produse","module","Magento_Catalog"
"Indexed product/categories association","Asociere produs/categorie indexat.","module","Magento_Catalog"
"Product Price","Preț produs","module","Magento_Catalog"
"Index product prices","Index prețuri produs","module","Magento_Catalog"
"Product EAV","Produs EAV","module","Magento_Catalog"
"Index product EAV","Index produs EAV","module","Magento_Catalog"
"Catalog New Products List","Listă produse noi catalog","module","Magento_Catalog"
"List of Products that are set as New","Listă produse setate ca Noi","module","Magento_Catalog"
"Display Type","Tip afișare","module","Magento_Catalog"
"All products - recently added products, New products - products marked as new","Toate produsele - produse recent adăugate, Produse noi - produse marcate ca noi","module","Magento_Catalog"
"All products","Toate produsele","module","Magento_Catalog"
"New products","Produse noi","module","Magento_Catalog"
"Display Page Control","Control pagină afișare","module","Magento_Catalog"
"Number of Products per Page","Număr de produse pe pagină","module","Magento_Catalog"
"Number of Products to Display","Număr de produse de afișat","module","Magento_Catalog"
"Template","șablon","module","Magento_Catalog"
"New Products Grid Template","șablon Grilă Produse Noi","module","Magento_Catalog"
"New Products List Template","șablon Listă Produse Noi","module","Magento_Catalog"
"New Products Images and Names Template","șablon Nume și Imagini Produse Noi","module","Magento_Catalog"
"New Products Names Only Template","șablon Numai Nume Produse Noi","module","Magento_Catalog"
"New Products Images Only Template","șablon Numai Imagini Produse Noi","module","Magento_Catalog"
"Cache Lifetime (Seconds)","Termen Cache(Secunde)","module","Magento_Catalog"
"86400 by default, if not set. To refresh instantly, clear the Blocks HTML Output cache.","86400 implicit, dacă nu este setat. Pentru a reîmprospăta instant, ștergeți cache-ul Output al blocurilor HTML.","module","Magento_Catalog"
"Catalog Product Link","Link Produs Catalog","module","Magento_Catalog"
"Link to a Specified Product","Link către Produsul Specificat","module","Magento_Catalog"
"Select Product...","Selectați Produs...","module","Magento_Catalog"
"Anchor Custom Text","Text personalizat fix","module","Magento_Catalog"
"If empty, we'll use the product name here.","Dacă nu este completat, vom folosi aici numele produsului.","module","Magento_Catalog"
"Anchor Custom Title","Titlu personalizat fix","module","Magento_Catalog"
"Product Link Block Template","șablon bloc link produs","module","Magento_Catalog"
"Product Link Inline Template","șablon inline link produs","module","Magento_Catalog"
"Catalog Category Link","Link categorie catalog","module","Magento_Catalog"
"Link to a Specified Category","Link către o categorie specificată","module","Magento_Catalog"
"Select Category...","Selectați Categorie...","module","Magento_Catalog"
"If empty, we'll use the category name here.","Dacă nu este completat, vom folosi aici numele categoriei.","module","Magento_Catalog"
"Category Link Block Template","șablon bloc link categorie","module","Magento_Catalog"
"Category Link Inline Template","șablon inline link categorie","module","Magento_Catalog"
"Set","Setați","module","Magento_Catalog"
"All Store Views","Toate vizualizările magazinului","module","Magento_Catalog"
"Delete items","ștergeți articole","module","Magento_Catalog"
"Delete selected items?","ștergeți articolele selectate?","module","Magento_Catalog"
"Change status","Modificați status","module","Magento_Catalog"
"Enable","Activați","module","Magento_Catalog"
"Disable","Dezactivați","module","Magento_Catalog"
"Update attributes","Actualizare atribute","module","Magento_Catalog"
"none","nici unul","module","Magento_Catalog"
"Overview","Prezentare generală","module","Magento_Catalog"
"Details","Detalii","module","Magento_Catalog"
